student;source;target;lector;group
-885924698205541375;LR1 high;LR2 high;Artem M.;BPI201
-885924698205541375;LR2 high;LR3 high;Artem M.;BPI201
-885924698205541375;LR3 high;LR4 fail;Artem M.;BPI201
-885924698205541375;LR4 fail;LR5 fail;Artem M.;BPI201
-885924698205541375;LR5 fail;LR6 fail;Artem M.;BPI201
-885924698205541375;LR6 fail;LR7 fail;Artem M.;BPI201
-885924698205541375;LR7 fail;LR8 fail;Artem M.;BPI201
-885924698205541375;LR8 fail;LR9 fail;Artem M.;BPI201
-885924698205541375;LR9 fail;LR11 fail;Artem M.;BPI201
-885924698205541375;LR11 fail;LR12 fail;Artem M.;BPI201
-885924698205541375;LR12 fail;LR13 fail;Artem M.;BPI201
-885924698205541375;LR13 fail;LR14 fail;Artem M.;BPI201
-885924698205541375;LR14 fail;LR15 fail;Artem M.;BPI201
-885924698205541375;LR15 fail;LR16 fail;Artem M.;BPI201
-885924698205541375;LR16 fail;LR17 med;Artem M.;BPI201
-885924698205541375;LR17 med;LR18 med;Artem M.;BPI201
-885924698205541375;LR18 med;Accum low;Artem M.;BPI201
-885924698205541375;Accum low;Result med;Artem M.;BPI201
-6069671279023487474;LR1 high;LR2 med;Artem M.;BPI201
-6069671279023487474;LR2 med;LR3 high;Artem M.;BPI201
-6069671279023487474;LR3 high;LR4 high;Artem M.;BPI201
-6069671279023487474;LR4 high;LR5 high;Artem M.;BPI201
-6069671279023487474;LR5 high;LR6 high;Artem M.;BPI201
-6069671279023487474;LR6 high;LR7 high;Artem M.;BPI201
-6069671279023487474;LR7 high;LR8 med;Artem M.;BPI201
-6069671279023487474;LR8 med;LR9 high;Artem M.;BPI201
-6069671279023487474;LR9 high;LR11 high;Artem M.;BPI201
-6069671279023487474;LR11 high;LR12 high;Artem M.;BPI201
-6069671279023487474;LR12 high;LR13 high;Artem M.;BPI201
-6069671279023487474;LR13 high;LR14 high;Artem M.;BPI201
-6069671279023487474;LR14 high;LR15 high;Artem M.;BPI201
-6069671279023487474;LR15 high;LR16 high;Artem M.;BPI201
-6069671279023487474;LR16 high;LR17 med;Artem M.;BPI201
-6069671279023487474;LR17 med;LR18 high;Artem M.;BPI201
-6069671279023487474;LR18 high;Accum high;Artem M.;BPI201
-6069671279023487474;Accum high;Result high;Artem M.;BPI201
12555434473809432;LR1 high;LR2 med;Artem M.;BPI201
12555434473809432;LR2 med;LR3 high;Artem M.;BPI201
12555434473809432;LR3 high;LR4 fail;Artem M.;BPI201
12555434473809432;LR4 fail;LR5 med;Artem M.;BPI201
12555434473809432;LR5 med;LR6 med;Artem M.;BPI201
12555434473809432;LR6 med;LR7 high;Artem M.;BPI201
12555434473809432;LR7 high;LR8 med;Artem M.;BPI201
12555434473809432;LR8 med;LR9 high;Artem M.;BPI201
12555434473809432;LR9 high;LR11 high;Artem M.;BPI201
12555434473809432;LR11 high;LR12 high;Artem M.;BPI201
12555434473809432;LR12 high;LR13 med;Artem M.;BPI201
12555434473809432;LR13 med;LR14 high;Artem M.;BPI201
12555434473809432;LR14 high;LR15 high;Artem M.;BPI201
12555434473809432;LR15 high;LR16 fail;Artem M.;BPI201
12555434473809432;LR16 fail;LR17 med;Artem M.;BPI201
12555434473809432;LR17 med;LR18 fail;Artem M.;BPI201
12555434473809432;LR18 fail;Accum med;Artem M.;BPI201
12555434473809432;Accum med;Result med;Artem M.;BPI201
-8153485034312637401;LR1 high;LR2 fail;Artem M.;BPI201
-8153485034312637401;LR2 fail;LR3 fail;Artem M.;BPI201
-8153485034312637401;LR3 fail;LR4 fail;Artem M.;BPI201
-8153485034312637401;LR4 fail;LR5 fail;Artem M.;BPI201
-8153485034312637401;LR5 fail;LR6 low;Artem M.;BPI201
-8153485034312637401;LR6 low;LR7 med;Artem M.;BPI201
-8153485034312637401;LR7 med;LR8 high;Artem M.;BPI201
-8153485034312637401;LR8 high;LR9 high;Artem M.;BPI201
-8153485034312637401;LR9 high;LR11 med;Artem M.;BPI201
-8153485034312637401;LR11 med;LR12 med;Artem M.;BPI201
-8153485034312637401;LR12 med;LR13 fail;Artem M.;BPI201
-8153485034312637401;LR13 fail;LR14 med;Artem M.;BPI201
-8153485034312637401;LR14 med;LR15 med;Artem M.;BPI201
-8153485034312637401;LR15 med;LR16 high;Artem M.;BPI201
-8153485034312637401;LR16 high;LR17 med;Artem M.;BPI201
-8153485034312637401;LR17 med;LR18 fail;Artem M.;BPI201
-8153485034312637401;LR18 fail;Accum med;Artem M.;BPI201
-8153485034312637401;Accum med;Result med;Artem M.;BPI201
7179250513600344111;LR1 high;LR2 med;Artem M.;BPI201
7179250513600344111;LR2 med;LR3 med;Artem M.;BPI201
7179250513600344111;LR3 med;LR4 fail;Artem M.;BPI201
7179250513600344111;LR4 fail;LR5 fail;Artem M.;BPI201
7179250513600344111;LR5 fail;LR6 fail;Artem M.;BPI201
7179250513600344111;LR6 fail;LR7 fail;Artem M.;BPI201
7179250513600344111;LR7 fail;LR8 fail;Artem M.;BPI201
7179250513600344111;LR8 fail;LR9 fail;Artem M.;BPI201
7179250513600344111;LR9 fail;LR11 fail;Artem M.;BPI201
7179250513600344111;LR11 fail;LR12 fail;Artem M.;BPI201
7179250513600344111;LR12 fail;LR13 fail;Artem M.;BPI201
7179250513600344111;LR13 fail;LR14 fail;Artem M.;BPI201
7179250513600344111;LR14 fail;LR15 fail;Artem M.;BPI201
7179250513600344111;LR15 fail;LR16 fail;Artem M.;BPI201
7179250513600344111;LR16 fail;LR17 fail;Artem M.;BPI201
7179250513600344111;LR17 fail;LR18 fail;Artem M.;BPI201
7179250513600344111;LR18 fail;Accum low;Artem M.;BPI201
7179250513600344111;Accum low;Result low;Artem M.;BPI201
6800198368237168691;LR1 high;LR2 med;Artem M.;BPI201
6800198368237168691;LR2 med;LR3 fail;Artem M.;BPI201
6800198368237168691;LR3 fail;LR4 fail;Artem M.;BPI201
6800198368237168691;LR4 fail;LR5 fail;Artem M.;BPI201
6800198368237168691;LR5 fail;LR6 fail;Artem M.;BPI201
6800198368237168691;LR6 fail;LR7 fail;Artem M.;BPI201
6800198368237168691;LR7 fail;LR8 fail;Artem M.;BPI201
6800198368237168691;LR8 fail;LR9 high;Artem M.;BPI201
6800198368237168691;LR9 high;LR11 fail;Artem M.;BPI201
6800198368237168691;LR11 fail;LR12 fail;Artem M.;BPI201
6800198368237168691;LR12 fail;LR13 fail;Artem M.;BPI201
6800198368237168691;LR13 fail;LR14 med;Artem M.;BPI201
6800198368237168691;LR14 med;LR15 fail;Artem M.;BPI201
6800198368237168691;LR15 fail;LR16 high;Artem M.;BPI201
6800198368237168691;LR16 high;LR17 med;Artem M.;BPI201
6800198368237168691;LR17 med;LR18 high;Artem M.;BPI201
6800198368237168691;LR18 high;Accum low;Artem M.;BPI201
6800198368237168691;Accum low;Result med;Artem M.;BPI201
4201794091576855604;LR1 high;LR2 fail;Artem M.;BPI201
4201794091576855604;LR2 fail;LR3 fail;Artem M.;BPI201
4201794091576855604;LR3 fail;LR4 fail;Artem M.;BPI201
4201794091576855604;LR4 fail;LR5 fail;Artem M.;BPI201
4201794091576855604;LR5 fail;LR6 fail;Artem M.;BPI201
4201794091576855604;LR6 fail;LR7 fail;Artem M.;BPI201
4201794091576855604;LR7 fail;LR8 fail;Artem M.;BPI201
4201794091576855604;LR8 fail;LR9 fail;Artem M.;BPI201
4201794091576855604;LR9 fail;LR11 fail;Artem M.;BPI201
4201794091576855604;LR11 fail;LR12 fail;Artem M.;BPI201
4201794091576855604;LR12 fail;LR13 fail;Artem M.;BPI201
4201794091576855604;LR13 fail;LR14 fail;Artem M.;BPI201
4201794091576855604;LR14 fail;LR15 fail;Artem M.;BPI201
4201794091576855604;LR15 fail;LR16 med;Artem M.;BPI201
4201794091576855604;LR16 med;LR17 med;Artem M.;BPI201
4201794091576855604;LR17 med;LR18 high;Artem M.;BPI201
4201794091576855604;LR18 high;Accum low;Artem M.;BPI201
4201794091576855604;Accum low;Result med;Artem M.;BPI201
-7121375083226338757;LR1 high;LR2 high;Artem M.;BPI201
-7121375083226338757;LR2 high;LR3 high;Artem M.;BPI201
-7121375083226338757;LR3 high;LR4 med;Artem M.;BPI201
-7121375083226338757;LR4 med;LR5 med;Artem M.;BPI201
-7121375083226338757;LR5 med;LR6 med;Artem M.;BPI201
-7121375083226338757;LR6 med;LR7 high;Artem M.;BPI201
-7121375083226338757;LR7 high;LR8 med;Artem M.;BPI201
-7121375083226338757;LR8 med;LR9 high;Artem M.;BPI201
-7121375083226338757;LR9 high;LR11 high;Artem M.;BPI201
-7121375083226338757;LR11 high;LR12 high;Artem M.;BPI201
-7121375083226338757;LR12 high;LR13 med;Artem M.;BPI201
-7121375083226338757;LR13 med;LR14 high;Artem M.;BPI201
-7121375083226338757;LR14 high;LR15 high;Artem M.;BPI201
-7121375083226338757;LR15 high;LR16 med;Artem M.;BPI201
-7121375083226338757;LR16 med;LR17 fail;Artem M.;BPI201
-7121375083226338757;LR17 fail;LR18 fail;Artem M.;BPI201
-7121375083226338757;LR18 fail;Accum med;Artem M.;BPI201
-7121375083226338757;Accum med;Result high;Artem M.;BPI201
2433377214102036537;LR1 high;LR2 med;Artem M.;BPI201
2433377214102036537;LR2 med;LR3 high;Artem M.;BPI201
2433377214102036537;LR3 high;LR4 med;Artem M.;BPI201
2433377214102036537;LR4 med;LR5 med;Artem M.;BPI201
2433377214102036537;LR5 med;LR6 med;Artem M.;BPI201
2433377214102036537;LR6 med;LR7 med;Artem M.;BPI201
2433377214102036537;LR7 med;LR8 med;Artem M.;BPI201
2433377214102036537;LR8 med;LR9 med;Artem M.;BPI201
2433377214102036537;LR9 med;LR11 med;Artem M.;BPI201
2433377214102036537;LR11 med;LR12 med;Artem M.;BPI201
2433377214102036537;LR12 med;LR13 med;Artem M.;BPI201
2433377214102036537;LR13 med;LR14 high;Artem M.;BPI201
2433377214102036537;LR14 high;LR15 high;Artem M.;BPI201
2433377214102036537;LR15 high;LR16 high;Artem M.;BPI201
2433377214102036537;LR16 high;LR17 fail;Artem M.;BPI201
2433377214102036537;LR17 fail;LR18 med;Artem M.;BPI201
2433377214102036537;LR18 med;Accum med;Artem M.;BPI201
2433377214102036537;Accum med;Result med;Artem M.;BPI201
-1567780886800182725;LR1 high;LR2 high;Artem M.;BPI201
-1567780886800182725;LR2 high;LR3 high;Artem M.;BPI201
-1567780886800182725;LR3 high;LR4 high;Artem M.;BPI201
-1567780886800182725;LR4 high;LR5 high;Artem M.;BPI201
-1567780886800182725;LR5 high;LR6 high;Artem M.;BPI201
-1567780886800182725;LR6 high;LR7 high;Artem M.;BPI201
-1567780886800182725;LR7 high;LR8 high;Artem M.;BPI201
-1567780886800182725;LR8 high;LR9 high;Artem M.;BPI201
-1567780886800182725;LR9 high;LR11 high;Artem M.;BPI201
-1567780886800182725;LR11 high;LR12 high;Artem M.;BPI201
-1567780886800182725;LR12 high;LR13 high;Artem M.;BPI201
-1567780886800182725;LR13 high;LR14 med;Artem M.;BPI201
-1567780886800182725;LR14 med;LR15 high;Artem M.;BPI201
-1567780886800182725;LR15 high;LR16 high;Artem M.;BPI201
-1567780886800182725;LR16 high;LR17 med;Artem M.;BPI201
-1567780886800182725;LR17 med;LR18 med;Artem M.;BPI201
-1567780886800182725;LR18 med;Accum high;Artem M.;BPI201
-1567780886800182725;Accum high;Result high;Artem M.;BPI201
-6831672711527388091;LR1 high;LR2 high;Artem M.;BPI201
-6831672711527388091;LR2 high;LR3 high;Artem M.;BPI201
-6831672711527388091;LR3 high;LR4 med;Artem M.;BPI201
-6831672711527388091;LR4 med;LR5 high;Artem M.;BPI201
-6831672711527388091;LR5 high;LR6 high;Artem M.;BPI201
-6831672711527388091;LR6 high;LR7 high;Artem M.;BPI201
-6831672711527388091;LR7 high;LR8 high;Artem M.;BPI201
-6831672711527388091;LR8 high;LR9 high;Artem M.;BPI201
-6831672711527388091;LR9 high;LR11 med;Artem M.;BPI201
-6831672711527388091;LR11 med;LR12 high;Artem M.;BPI201
-6831672711527388091;LR12 high;LR13 high;Artem M.;BPI201
-6831672711527388091;LR13 high;LR14 high;Artem M.;BPI201
-6831672711527388091;LR14 high;LR15 high;Artem M.;BPI201
-6831672711527388091;LR15 high;LR16 med;Artem M.;BPI201
-6831672711527388091;LR16 med;LR17 med;Artem M.;BPI201
-6831672711527388091;LR17 med;LR18 high;Artem M.;BPI201
-6831672711527388091;LR18 high;Accum high;Artem M.;BPI201
-6831672711527388091;Accum high;Result high;Artem M.;BPI201
2931263435336364614;LR1 high;LR2 fail;Artem M.;BPI201
2931263435336364614;LR2 fail;LR3 fail;Artem M.;BPI201
2931263435336364614;LR3 fail;LR4 fail;Artem M.;BPI201
2931263435336364614;LR4 fail;LR5 fail;Artem M.;BPI201
2931263435336364614;LR5 fail;LR6 low;Artem M.;BPI201
2931263435336364614;LR6 low;LR7 fail;Artem M.;BPI201
2931263435336364614;LR7 fail;LR8 med;Artem M.;BPI201
2931263435336364614;LR8 med;LR9 high;Artem M.;BPI201
2931263435336364614;LR9 high;LR11 med;Artem M.;BPI201
2931263435336364614;LR11 med;LR12 high;Artem M.;BPI201
2931263435336364614;LR12 high;LR13 med;Artem M.;BPI201
2931263435336364614;LR13 med;LR14 high;Artem M.;BPI201
2931263435336364614;LR14 high;LR15 high;Artem M.;BPI201
2931263435336364614;LR15 high;LR16 high;Artem M.;BPI201
2931263435336364614;LR16 high;LR17 high;Artem M.;BPI201
2931263435336364614;LR17 high;LR18 high;Artem M.;BPI201
2931263435336364614;LR18 high;Accum med;Artem M.;BPI201
2931263435336364614;Accum med;Result med;Artem M.;BPI201
1350809975712585804;LR1 high;LR2 high;Artem M.;BPI201
1350809975712585804;LR2 high;LR3 high;Artem M.;BPI201
1350809975712585804;LR3 high;LR4 high;Artem M.;BPI201
1350809975712585804;LR4 high;LR5 med;Artem M.;BPI201
1350809975712585804;LR5 med;LR6 low;Artem M.;BPI201
1350809975712585804;LR6 low;LR7 fail;Artem M.;BPI201
1350809975712585804;LR7 fail;LR8 med;Artem M.;BPI201
1350809975712585804;LR8 med;LR9 high;Artem M.;BPI201
1350809975712585804;LR9 high;LR11 med;Artem M.;BPI201
1350809975712585804;LR11 med;LR12 med;Artem M.;BPI201
1350809975712585804;LR12 med;LR13 high;Artem M.;BPI201
1350809975712585804;LR13 high;LR14 med;Artem M.;BPI201
1350809975712585804;LR14 med;LR15 high;Artem M.;BPI201
1350809975712585804;LR15 high;LR16 med;Artem M.;BPI201
1350809975712585804;LR16 med;LR17 med;Artem M.;BPI201
1350809975712585804;LR17 med;LR18 high;Artem M.;BPI201
1350809975712585804;LR18 high;Accum med;Artem M.;BPI201
1350809975712585804;Accum med;Result med;Artem M.;BPI201
5839908186602658898;LR1 high;LR2 fail;Artem M.;BPI201
5839908186602658898;LR2 fail;LR3 fail;Artem M.;BPI201
5839908186602658898;LR3 fail;LR4 med;Artem M.;BPI201
5839908186602658898;LR4 med;LR5 fail;Artem M.;BPI201
5839908186602658898;LR5 fail;LR6 fail;Artem M.;BPI201
5839908186602658898;LR6 fail;LR7 fail;Artem M.;BPI201
5839908186602658898;LR7 fail;LR8 med;Artem M.;BPI201
5839908186602658898;LR8 med;LR9 fail;Artem M.;BPI201
5839908186602658898;LR9 fail;LR11 fail;Artem M.;BPI201
5839908186602658898;LR11 fail;LR12 fail;Artem M.;BPI201
5839908186602658898;LR12 fail;LR13 high;Artem M.;BPI201
5839908186602658898;LR13 high;LR14 high;Artem M.;BPI201
5839908186602658898;LR14 high;LR15 high;Artem M.;BPI201
5839908186602658898;LR15 high;LR16 fail;Artem M.;BPI201
5839908186602658898;LR16 fail;LR17 med;Artem M.;BPI201
5839908186602658898;LR17 med;LR18 high;Artem M.;BPI201
5839908186602658898;LR18 high;Accum med;Artem M.;BPI201
5839908186602658898;Accum med;Result med;Artem M.;BPI201
2938968652863536218;LR1 high;LR2 med;Artem M.;BPI201
2938968652863536218;LR2 med;LR3 fail;Artem M.;BPI201
2938968652863536218;LR3 fail;LR4 fail;Artem M.;BPI201
2938968652863536218;LR4 fail;LR5 fail;Artem M.;BPI201
2938968652863536218;LR5 fail;LR6 low;Artem M.;BPI201
2938968652863536218;LR6 low;LR7 fail;Artem M.;BPI201
2938968652863536218;LR7 fail;LR8 high;Artem M.;BPI201
2938968652863536218;LR8 high;LR9 fail;Artem M.;BPI201
2938968652863536218;LR9 fail;LR11 fail;Artem M.;BPI201
2938968652863536218;LR11 fail;LR12 med;Artem M.;BPI201
2938968652863536218;LR12 med;LR13 med;Artem M.;BPI201
2938968652863536218;LR13 med;LR14 high;Artem M.;BPI201
2938968652863536218;LR14 high;LR15 fail;Artem M.;BPI201
2938968652863536218;LR15 fail;LR16 fail;Artem M.;BPI201
2938968652863536218;LR16 fail;LR17 med;Artem M.;BPI201
2938968652863536218;LR17 med;LR18 med;Artem M.;BPI201
2938968652863536218;LR18 med;Accum low;Artem M.;BPI201
2938968652863536218;Accum low;Result med;Artem M.;BPI201
9039703274789449823;LR1 high;LR2 high;Artem M.;BPI201
9039703274789449823;LR2 high;LR3 high;Artem M.;BPI201
9039703274789449823;LR3 high;LR4 high;Artem M.;BPI201
9039703274789449823;LR4 high;LR5 high;Artem M.;BPI201
9039703274789449823;LR5 high;LR6 high;Artem M.;BPI201
9039703274789449823;LR6 high;LR7 high;Artem M.;BPI201
9039703274789449823;LR7 high;LR8 high;Artem M.;BPI201
9039703274789449823;LR8 high;LR9 high;Artem M.;BPI201
9039703274789449823;LR9 high;LR11 high;Artem M.;BPI201
9039703274789449823;LR11 high;LR12 high;Artem M.;BPI201
9039703274789449823;LR12 high;LR13 high;Artem M.;BPI201
9039703274789449823;LR13 high;LR14 high;Artem M.;BPI201
9039703274789449823;LR14 high;LR15 high;Artem M.;BPI201
9039703274789449823;LR15 high;LR16 high;Artem M.;BPI201
9039703274789449823;LR16 high;LR17 high;Artem M.;BPI201
9039703274789449823;LR17 high;LR18 high;Artem M.;BPI201
9039703274789449823;LR18 high;Accum high;Artem M.;BPI201
9039703274789449823;Accum high;Result high;Artem M.;BPI201
-7140558959810104212;LR1 high;LR2 high;Artem M.;BPI201
-7140558959810104212;LR2 high;LR3 high;Artem M.;BPI201
-7140558959810104212;LR3 high;LR4 high;Artem M.;BPI201
-7140558959810104212;LR4 high;LR5 high;Artem M.;BPI201
-7140558959810104212;LR5 high;LR6 high;Artem M.;BPI201
-7140558959810104212;LR6 high;LR7 high;Artem M.;BPI201
-7140558959810104212;LR7 high;LR8 high;Artem M.;BPI201
-7140558959810104212;LR8 high;LR9 high;Artem M.;BPI201
-7140558959810104212;LR9 high;LR11 high;Artem M.;BPI201
-7140558959810104212;LR11 high;LR12 high;Artem M.;BPI201
-7140558959810104212;LR12 high;LR13 high;Artem M.;BPI201
-7140558959810104212;LR13 high;LR14 high;Artem M.;BPI201
-7140558959810104212;LR14 high;LR15 high;Artem M.;BPI201
-7140558959810104212;LR15 high;LR16 high;Artem M.;BPI201
-7140558959810104212;LR16 high;LR17 med;Artem M.;BPI201
-7140558959810104212;LR17 med;LR18 high;Artem M.;BPI201
-7140558959810104212;LR18 high;Accum high;Artem M.;BPI201
-7140558959810104212;Accum high;Result high;Artem M.;BPI201
2861973081509405821;LR1 high;LR2 med;Artem M.;BPI201
2861973081509405821;LR2 med;LR3 high;Artem M.;BPI201
2861973081509405821;LR3 high;LR4 high;Artem M.;BPI201
2861973081509405821;LR4 high;LR5 high;Artem M.;BPI201
2861973081509405821;LR5 high;LR6 high;Artem M.;BPI201
2861973081509405821;LR6 high;LR7 high;Artem M.;BPI201
2861973081509405821;LR7 high;LR8 high;Artem M.;BPI201
2861973081509405821;LR8 high;LR9 high;Artem M.;BPI201
2861973081509405821;LR9 high;LR11 med;Artem M.;BPI201
2861973081509405821;LR11 med;LR12 high;Artem M.;BPI201
2861973081509405821;LR12 high;LR13 med;Artem M.;BPI201
2861973081509405821;LR13 med;LR14 high;Artem M.;BPI201
2861973081509405821;LR14 high;LR15 high;Artem M.;BPI201
2861973081509405821;LR15 high;LR16 med;Artem M.;BPI201
2861973081509405821;LR16 med;LR17 med;Artem M.;BPI201
2861973081509405821;LR17 med;LR18 med;Artem M.;BPI201
2861973081509405821;LR18 med;Accum med;Artem M.;BPI201
2861973081509405821;Accum med;Result med;Artem M.;BPI201
-2226767251330247036;LR1 high;LR2 high;Artem M.;BPI201
-2226767251330247036;LR2 high;LR3 high;Artem M.;BPI201
-2226767251330247036;LR3 high;LR4 med;Artem M.;BPI201
-2226767251330247036;LR4 med;LR5 med;Artem M.;BPI201
-2226767251330247036;LR5 med;LR6 med;Artem M.;BPI201
-2226767251330247036;LR6 med;LR7 med;Artem M.;BPI201
-2226767251330247036;LR7 med;LR8 med;Artem M.;BPI201
-2226767251330247036;LR8 med;LR9 med;Artem M.;BPI201
-2226767251330247036;LR9 med;LR11 low;Artem M.;BPI201
-2226767251330247036;LR11 low;LR12 med;Artem M.;BPI201
-2226767251330247036;LR12 med;LR13 med;Artem M.;BPI201
-2226767251330247036;LR13 med;LR14 med;Artem M.;BPI201
-2226767251330247036;LR14 med;LR15 med;Artem M.;BPI201
-2226767251330247036;LR15 med;LR16 med;Artem M.;BPI201
-2226767251330247036;LR16 med;LR17 fail;Artem M.;BPI201
-2226767251330247036;LR17 fail;LR18 fail;Artem M.;BPI201
-2226767251330247036;LR18 fail;Accum med;Artem M.;BPI201
-2226767251330247036;Accum med;Result med;Artem M.;BPI201
-1276602578062374266;LR1 high;LR2 high;Artem M.;BPI201
-1276602578062374266;LR2 high;LR3 high;Artem M.;BPI201
-1276602578062374266;LR3 high;LR4 high;Artem M.;BPI201
-1276602578062374266;LR4 high;LR5 high;Artem M.;BPI201
-1276602578062374266;LR5 high;LR6 high;Artem M.;BPI201
-1276602578062374266;LR6 high;LR7 high;Artem M.;BPI201
-1276602578062374266;LR7 high;LR8 high;Artem M.;BPI201
-1276602578062374266;LR8 high;LR9 high;Artem M.;BPI201
-1276602578062374266;LR9 high;LR11 high;Artem M.;BPI201
-1276602578062374266;LR11 high;LR12 high;Artem M.;BPI201
-1276602578062374266;LR12 high;LR13 med;Artem M.;BPI201
-1276602578062374266;LR13 med;LR14 high;Artem M.;BPI201
-1276602578062374266;LR14 high;LR15 high;Artem M.;BPI201
-1276602578062374266;LR15 high;LR16 med;Artem M.;BPI201
-1276602578062374266;LR16 med;LR17 med;Artem M.;BPI201
-1276602578062374266;LR17 med;LR18 med;Artem M.;BPI201
-1276602578062374266;LR18 med;Accum high;Artem M.;BPI201
-1276602578062374266;Accum high;Result high;Artem M.;BPI201
-3600137032769728337;LR1 high;LR2 high;Artem M.;BPI201
-3600137032769728337;LR2 high;LR3 high;Artem M.;BPI201
-3600137032769728337;LR3 high;LR4 med;Artem M.;BPI201
-3600137032769728337;LR4 med;LR5 high;Artem M.;BPI201
-3600137032769728337;LR5 high;LR6 high;Artem M.;BPI201
-3600137032769728337;LR6 high;LR7 high;Artem M.;BPI201
-3600137032769728337;LR7 high;LR8 high;Artem M.;BPI201
-3600137032769728337;LR8 high;LR9 high;Artem M.;BPI201
-3600137032769728337;LR9 high;LR11 fail;Artem M.;BPI201
-3600137032769728337;LR11 fail;LR12 high;Artem M.;BPI201
-3600137032769728337;LR12 high;LR13 med;Artem M.;BPI201
-3600137032769728337;LR13 med;LR14 high;Artem M.;BPI201
-3600137032769728337;LR14 high;LR15 high;Artem M.;BPI201
-3600137032769728337;LR15 high;LR16 fail;Artem M.;BPI201
-3600137032769728337;LR16 fail;LR17 fail;Artem M.;BPI201
-3600137032769728337;LR17 fail;LR18 fail;Artem M.;BPI201
-3600137032769728337;LR18 fail;Accum med;Artem M.;BPI201
-3600137032769728337;Accum med;Result med;Artem M.;BPI201
1303177974866928818;LR1 high;LR2 high;Artem M.;BPI201
1303177974866928818;LR2 high;LR3 high;Artem M.;BPI201
1303177974866928818;LR3 high;LR4 high;Artem M.;BPI201
1303177974866928818;LR4 high;LR5 high;Artem M.;BPI201
1303177974866928818;LR5 high;LR6 high;Artem M.;BPI201
1303177974866928818;LR6 high;LR7 high;Artem M.;BPI201
1303177974866928818;LR7 high;LR8 high;Artem M.;BPI201
1303177974866928818;LR8 high;LR9 high;Artem M.;BPI201
1303177974866928818;LR9 high;LR11 high;Artem M.;BPI201
1303177974866928818;LR11 high;LR12 high;Artem M.;BPI201
1303177974866928818;LR12 high;LR13 high;Artem M.;BPI201
1303177974866928818;LR13 high;LR14 high;Artem M.;BPI201
1303177974866928818;LR14 high;LR15 high;Artem M.;BPI201
1303177974866928818;LR15 high;LR16 high;Artem M.;BPI201
1303177974866928818;LR16 high;LR17 med;Artem M.;BPI201
1303177974866928818;LR17 med;LR18 high;Artem M.;BPI201
1303177974866928818;LR18 high;Accum high;Artem M.;BPI201
1303177974866928818;Accum high;Result high;Artem M.;BPI201
6416068246276318898;LR1 high;LR2 high;Artem M.;BPI201
6416068246276318898;LR2 high;LR3 high;Artem M.;BPI201
6416068246276318898;LR3 high;LR4 high;Artem M.;BPI201
6416068246276318898;LR4 high;LR5 high;Artem M.;BPI201
6416068246276318898;LR5 high;LR6 med;Artem M.;BPI201
6416068246276318898;LR6 med;LR7 fail;Artem M.;BPI201
6416068246276318898;LR7 fail;LR8 high;Artem M.;BPI201
6416068246276318898;LR8 high;LR9 fail;Artem M.;BPI201
6416068246276318898;LR9 fail;LR11 high;Artem M.;BPI201
6416068246276318898;LR11 high;LR12 high;Artem M.;BPI201
6416068246276318898;LR12 high;LR13 high;Artem M.;BPI201
6416068246276318898;LR13 high;LR14 high;Artem M.;BPI201
6416068246276318898;LR14 high;LR15 high;Artem M.;BPI201
6416068246276318898;LR15 high;LR16 med;Artem M.;BPI201
6416068246276318898;LR16 med;LR17 med;Artem M.;BPI201
6416068246276318898;LR17 med;LR18 high;Artem M.;BPI201
6416068246276318898;LR18 high;Accum med;Artem M.;BPI201
6416068246276318898;Accum med;Result med;Artem M.;BPI201
601224979412992186;LR1 med;LR2 high;Artem M.;BPI201
601224979412992186;LR2 high;LR3 high;Artem M.;BPI201
601224979412992186;LR3 high;LR4 high;Artem M.;BPI201
601224979412992186;LR4 high;LR5 high;Artem M.;BPI201
601224979412992186;LR5 high;LR6 high;Artem M.;BPI201
601224979412992186;LR6 high;LR7 high;Artem M.;BPI201
601224979412992186;LR7 high;LR8 med;Artem M.;BPI201
601224979412992186;LR8 med;LR9 high;Artem M.;BPI201
601224979412992186;LR9 high;LR11 high;Artem M.;BPI201
601224979412992186;LR11 high;LR12 high;Artem M.;BPI201
601224979412992186;LR12 high;LR13 high;Artem M.;BPI201
601224979412992186;LR13 high;LR14 high;Artem M.;BPI201
601224979412992186;LR14 high;LR15 high;Artem M.;BPI201
601224979412992186;LR15 high;LR16 high;Artem M.;BPI201
601224979412992186;LR16 high;LR17 high;Artem M.;BPI201
601224979412992186;LR17 high;LR18 high;Artem M.;BPI201
601224979412992186;LR18 high;Accum high;Artem M.;BPI201
601224979412992186;Accum high;Result high;Artem M.;BPI201
-4872122926369170236;LR1 high;LR2 high;Artem M.;BPI201
-4872122926369170236;LR2 high;LR3 high;Artem M.;BPI201
-4872122926369170236;LR3 high;LR4 high;Artem M.;BPI201
-4872122926369170236;LR4 high;LR5 high;Artem M.;BPI201
-4872122926369170236;LR5 high;LR6 high;Artem M.;BPI201
-4872122926369170236;LR6 high;LR7 high;Artem M.;BPI201
-4872122926369170236;LR7 high;LR8 high;Artem M.;BPI201
-4872122926369170236;LR8 high;LR9 high;Artem M.;BPI201
-4872122926369170236;LR9 high;LR11 med;Artem M.;BPI201
-4872122926369170236;LR11 med;LR12 high;Artem M.;BPI201
-4872122926369170236;LR12 high;LR13 med;Artem M.;BPI201
-4872122926369170236;LR13 med;LR14 high;Artem M.;BPI201
-4872122926369170236;LR14 high;LR15 high;Artem M.;BPI201
-4872122926369170236;LR15 high;LR16 high;Artem M.;BPI201
-4872122926369170236;LR16 high;LR17 med;Artem M.;BPI201
-4872122926369170236;LR17 med;LR18 high;Artem M.;BPI201
-4872122926369170236;LR18 high;Accum high;Artem M.;BPI201
-4872122926369170236;Accum high;Result high;Artem M.;BPI201
7986503723297866945;LR1 high;LR2 high;Artem M.;BPI201
7986503723297866945;LR2 high;LR3 high;Artem M.;BPI201
7986503723297866945;LR3 high;LR4 high;Artem M.;BPI201
7986503723297866945;LR4 high;LR5 high;Artem M.;BPI201
7986503723297866945;LR5 high;LR6 high;Artem M.;BPI201
7986503723297866945;LR6 high;LR7 high;Artem M.;BPI201
7986503723297866945;LR7 high;LR8 high;Artem M.;BPI201
7986503723297866945;LR8 high;LR9 high;Artem M.;BPI201
7986503723297866945;LR9 high;LR11 med;Artem M.;BPI201
7986503723297866945;LR11 med;LR12 high;Artem M.;BPI201
7986503723297866945;LR12 high;LR13 med;Artem M.;BPI201
7986503723297866945;LR13 med;LR14 high;Artem M.;BPI201
7986503723297866945;LR14 high;LR15 high;Artem M.;BPI201
7986503723297866945;LR15 high;LR16 high;Artem M.;BPI201
7986503723297866945;LR16 high;LR17 fail;Artem M.;BPI201
7986503723297866945;LR17 fail;LR18 fail;Artem M.;BPI201
7986503723297866945;LR18 fail;Accum med;Artem M.;BPI201
7986503723297866945;Accum med;Result med;Artem M.;BPI201
-5929856440863703354;LR1 high;LR2 high;Artem M.;BPI201
-5929856440863703354;LR2 high;LR3 high;Artem M.;BPI201
-5929856440863703354;LR3 high;LR4 med;Artem M.;BPI201
-5929856440863703354;LR4 med;LR5 med;Artem M.;BPI201
-5929856440863703354;LR5 med;LR6 med;Artem M.;BPI201
-5929856440863703354;LR6 med;LR7 fail;Artem M.;BPI201
-5929856440863703354;LR7 fail;LR8 high;Artem M.;BPI201
-5929856440863703354;LR8 high;LR9 high;Artem M.;BPI201
-5929856440863703354;LR9 high;LR11 high;Artem M.;BPI201
-5929856440863703354;LR11 high;LR12 high;Artem M.;BPI201
-5929856440863703354;LR12 high;LR13 low;Artem M.;BPI201
-5929856440863703354;LR13 low;LR14 high;Artem M.;BPI201
-5929856440863703354;LR14 high;LR15 high;Artem M.;BPI201
-5929856440863703354;LR15 high;LR16 fail;Artem M.;BPI201
-5929856440863703354;LR16 fail;LR17 fail;Artem M.;BPI201
-5929856440863703354;LR17 fail;LR18 fail;Artem M.;BPI201
-5929856440863703354;LR18 fail;Accum med;Artem M.;BPI201
-5929856440863703354;Accum med;Result med;Artem M.;BPI201
1046272247786388710;LR1 med;LR2 med;Artem M.;BPI201
1046272247786388710;LR2 med;LR3 med;Artem M.;BPI201
1046272247786388710;LR3 med;LR4 med;Artem M.;BPI201
1046272247786388710;LR4 med;LR5 med;Artem M.;BPI201
1046272247786388710;LR5 med;LR6 fail;Artem M.;BPI201
1046272247786388710;LR6 fail;LR7 fail;Artem M.;BPI201
1046272247786388710;LR7 fail;LR8 high;Artem M.;BPI201
1046272247786388710;LR8 high;LR9 high;Artem M.;BPI201
1046272247786388710;LR9 high;LR11 med;Artem M.;BPI201
1046272247786388710;LR11 med;LR12 med;Artem M.;BPI201
1046272247786388710;LR12 med;LR13 high;Artem M.;BPI201
1046272247786388710;LR13 high;LR14 high;Artem M.;BPI201
1046272247786388710;LR14 high;LR15 high;Artem M.;BPI201
1046272247786388710;LR15 high;LR16 med;Artem M.;BPI201
1046272247786388710;LR16 med;LR17 high;Artem M.;BPI201
1046272247786388710;LR17 high;LR18 high;Artem M.;BPI201
1046272247786388710;LR18 high;Accum med;Artem M.;BPI201
1046272247786388710;Accum med;Result med;Artem M.;BPI201
7046437924251226862;LR1 high;LR2 high;Artem M.;BPI201
7046437924251226862;LR2 high;LR3 high;Artem M.;BPI201
7046437924251226862;LR3 high;LR4 high;Artem M.;BPI201
7046437924251226862;LR4 high;LR5 high;Artem M.;BPI201
7046437924251226862;LR5 high;LR6 high;Artem M.;BPI201
7046437924251226862;LR6 high;LR7 fail;Artem M.;BPI201
7046437924251226862;LR7 fail;LR8 high;Artem M.;BPI201
7046437924251226862;LR8 high;LR9 high;Artem M.;BPI201
7046437924251226862;LR9 high;LR11 med;Artem M.;BPI201
7046437924251226862;LR11 med;LR12 high;Artem M.;BPI201
7046437924251226862;LR12 high;LR13 med;Artem M.;BPI201
7046437924251226862;LR13 med;LR14 high;Artem M.;BPI201
7046437924251226862;LR14 high;LR15 high;Artem M.;BPI201
7046437924251226862;LR15 high;LR16 high;Artem M.;BPI201
7046437924251226862;LR16 high;LR17 fail;Artem M.;BPI201
7046437924251226862;LR17 fail;LR18 fail;Artem M.;BPI201
7046437924251226862;LR18 fail;Accum med;Artem M.;BPI201
7046437924251226862;Accum med;Result med;Artem M.;BPI201
-2557023471962075916;LR1 med;LR2 high;Artem M.;BPI201
-2557023471962075916;LR2 high;LR3 high;Artem M.;BPI201
-2557023471962075916;LR3 high;LR4 high;Artem M.;BPI201
-2557023471962075916;LR4 high;LR5 high;Artem M.;BPI201
-2557023471962075916;LR5 high;LR6 high;Artem M.;BPI201
-2557023471962075916;LR6 high;LR7 high;Artem M.;BPI201
-2557023471962075916;LR7 high;LR8 high;Artem M.;BPI201
-2557023471962075916;LR8 high;LR9 high;Artem M.;BPI201
-2557023471962075916;LR9 high;LR11 high;Artem M.;BPI201
-2557023471962075916;LR11 high;LR12 high;Artem M.;BPI201
-2557023471962075916;LR12 high;LR13 high;Artem M.;BPI201
-2557023471962075916;LR13 high;LR14 high;Artem M.;BPI201
-2557023471962075916;LR14 high;LR15 high;Artem M.;BPI201
-2557023471962075916;LR15 high;LR16 high;Artem M.;BPI201
-2557023471962075916;LR16 high;LR17 med;Artem M.;BPI201
-2557023471962075916;LR17 med;LR18 high;Artem M.;BPI201
-2557023471962075916;LR18 high;Accum high;Artem M.;BPI201
-2557023471962075916;Accum high;Result high;Artem M.;BPI201
-5872485238520835339;LR1 med;LR2 high;Inna P.;BPI202
-5872485238520835339;LR2 high;LR3 high;Inna P.;BPI202
-5872485238520835339;LR3 high;LR4 high;Inna P.;BPI202
-5872485238520835339;LR4 high;LR5 high;Inna P.;BPI202
-5872485238520835339;LR5 high;LR6 high;Inna P.;BPI202
-5872485238520835339;LR6 high;LR7 high;Inna P.;BPI202
-5872485238520835339;LR7 high;LR8 high;Inna P.;BPI202
-5872485238520835339;LR8 high;LR9 high;Inna P.;BPI202
-5872485238520835339;LR9 high;LR11 high;Inna P.;BPI202
-5872485238520835339;LR11 high;LR12 high;Inna P.;BPI202
-5872485238520835339;LR12 high;LR13 high;Inna P.;BPI202
-5872485238520835339;LR13 high;LR14 high;Inna P.;BPI202
-5872485238520835339;LR14 high;LR15 high;Inna P.;BPI202
-5872485238520835339;LR15 high;LR16 high;Inna P.;BPI202
-5872485238520835339;LR16 high;LR17 med;Inna P.;BPI202
-5872485238520835339;LR17 med;LR18 high;Inna P.;BPI202
-5872485238520835339;LR18 high;Accum high;Inna P.;BPI202
-5872485238520835339;Accum high;Result high;Inna P.;BPI202
5423311986228152566;LR1 high;LR2 med;Inna P.;BPI202
5423311986228152566;LR2 med;LR3 med;Inna P.;BPI202
5423311986228152566;LR3 med;LR4 med;Inna P.;BPI202
5423311986228152566;LR4 med;LR5 med;Inna P.;BPI202
5423311986228152566;LR5 med;LR6 fail;Inna P.;BPI202
5423311986228152566;LR6 fail;LR7 high;Inna P.;BPI202
5423311986228152566;LR7 high;LR8 high;Inna P.;BPI202
5423311986228152566;LR8 high;LR9 high;Inna P.;BPI202
5423311986228152566;LR9 high;LR11 high;Inna P.;BPI202
5423311986228152566;LR11 high;LR12 med;Inna P.;BPI202
5423311986228152566;LR12 med;LR13 high;Inna P.;BPI202
5423311986228152566;LR13 high;LR14 high;Inna P.;BPI202
5423311986228152566;LR14 high;LR15 high;Inna P.;BPI202
5423311986228152566;LR15 high;LR16 high;Inna P.;BPI202
5423311986228152566;LR16 high;LR17 high;Inna P.;BPI202
5423311986228152566;LR17 high;LR18 high;Inna P.;BPI202
5423311986228152566;LR18 high;Accum high;Inna P.;BPI202
5423311986228152566;Accum high;Result high;Inna P.;BPI202
-7087248336933366011;LR1 high;LR2 high;Inna P.;BPI202
-7087248336933366011;LR2 high;LR3 high;Inna P.;BPI202
-7087248336933366011;LR3 high;LR4 fail;Inna P.;BPI202
-7087248336933366011;LR4 fail;LR5 med;Inna P.;BPI202
-7087248336933366011;LR5 med;LR6 med;Inna P.;BPI202
-7087248336933366011;LR6 med;LR7 high;Inna P.;BPI202
-7087248336933366011;LR7 high;LR8 med;Inna P.;BPI202
-7087248336933366011;LR8 med;LR9 med;Inna P.;BPI202
-7087248336933366011;LR9 med;LR11 med;Inna P.;BPI202
-7087248336933366011;LR11 med;LR12 fail;Inna P.;BPI202
-7087248336933366011;LR12 fail;LR13 fail;Inna P.;BPI202
-7087248336933366011;LR13 fail;LR14 fail;Inna P.;BPI202
-7087248336933366011;LR14 fail;LR15 med;Inna P.;BPI202
-7087248336933366011;LR15 med;LR16 fail;Inna P.;BPI202
-7087248336933366011;LR16 fail;LR17 fail;Inna P.;BPI202
-7087248336933366011;LR17 fail;LR18 fail;Inna P.;BPI202
-7087248336933366011;LR18 fail;Accum med;Inna P.;BPI202
-7087248336933366011;Accum med;Result med;Inna P.;BPI202
-2335098913528603892;LR1 med;LR2 med;Inna P.;BPI202
-2335098913528603892;LR2 med;LR3 med;Inna P.;BPI202
-2335098913528603892;LR3 med;LR4 med;Inna P.;BPI202
-2335098913528603892;LR4 med;LR5 med;Inna P.;BPI202
-2335098913528603892;LR5 med;LR6 med;Inna P.;BPI202
-2335098913528603892;LR6 med;LR7 med;Inna P.;BPI202
-2335098913528603892;LR7 med;LR8 med;Inna P.;BPI202
-2335098913528603892;LR8 med;LR9 med;Inna P.;BPI202
-2335098913528603892;LR9 med;LR11 med;Inna P.;BPI202
-2335098913528603892;LR11 med;LR12 med;Inna P.;BPI202
-2335098913528603892;LR12 med;LR13 med;Inna P.;BPI202
-2335098913528603892;LR13 med;LR14 med;Inna P.;BPI202
-2335098913528603892;LR14 med;LR15 high;Inna P.;BPI202
-2335098913528603892;LR15 high;LR16 med;Inna P.;BPI202
-2335098913528603892;LR16 med;LR17 high;Inna P.;BPI202
-2335098913528603892;LR17 high;LR18 high;Inna P.;BPI202
-2335098913528603892;LR18 high;Accum med;Inna P.;BPI202
-2335098913528603892;Accum med;Result med;Inna P.;BPI202
2313504978657980695;LR1 high;LR2 high;Inna P.;BPI202
2313504978657980695;LR2 high;LR3 high;Inna P.;BPI202
2313504978657980695;LR3 high;LR4 high;Inna P.;BPI202
2313504978657980695;LR4 high;LR5 high;Inna P.;BPI202
2313504978657980695;LR5 high;LR6 high;Inna P.;BPI202
2313504978657980695;LR6 high;LR7 high;Inna P.;BPI202
2313504978657980695;LR7 high;LR8 high;Inna P.;BPI202
2313504978657980695;LR8 high;LR9 fail;Inna P.;BPI202
2313504978657980695;LR9 fail;LR11 high;Inna P.;BPI202
2313504978657980695;LR11 high;LR12 high;Inna P.;BPI202
2313504978657980695;LR12 high;LR13 high;Inna P.;BPI202
2313504978657980695;LR13 high;LR14 high;Inna P.;BPI202
2313504978657980695;LR14 high;LR15 high;Inna P.;BPI202
2313504978657980695;LR15 high;LR16 high;Inna P.;BPI202
2313504978657980695;LR16 high;LR17 high;Inna P.;BPI202
2313504978657980695;LR17 high;LR18 high;Inna P.;BPI202
2313504978657980695;LR18 high;Accum high;Inna P.;BPI202
2313504978657980695;Accum high;Result high;Inna P.;BPI202
5792311390283828002;LR1 high;LR2 high;Inna P.;BPI202
5792311390283828002;LR2 high;LR3 med;Inna P.;BPI202
5792311390283828002;LR3 med;LR4 med;Inna P.;BPI202
5792311390283828002;LR4 med;LR5 med;Inna P.;BPI202
5792311390283828002;LR5 med;LR6 med;Inna P.;BPI202
5792311390283828002;LR6 med;LR7 fail;Inna P.;BPI202
5792311390283828002;LR7 fail;LR8 high;Inna P.;BPI202
5792311390283828002;LR8 high;LR9 high;Inna P.;BPI202
5792311390283828002;LR9 high;LR11 fail;Inna P.;BPI202
5792311390283828002;LR11 fail;LR12 high;Inna P.;BPI202
5792311390283828002;LR12 high;LR13 high;Inna P.;BPI202
5792311390283828002;LR13 high;LR14 high;Inna P.;BPI202
5792311390283828002;LR14 high;LR15 high;Inna P.;BPI202
5792311390283828002;LR15 high;LR16 high;Inna P.;BPI202
5792311390283828002;LR16 high;LR17 med;Inna P.;BPI202
5792311390283828002;LR17 med;LR18 med;Inna P.;BPI202
5792311390283828002;LR18 med;Accum med;Inna P.;BPI202
5792311390283828002;Accum med;Result med;Inna P.;BPI202
7091509787934511397;LR1 high;LR2 high;Inna P.;BPI202
7091509787934511397;LR2 high;LR3 high;Inna P.;BPI202
7091509787934511397;LR3 high;LR4 high;Inna P.;BPI202
7091509787934511397;LR4 high;LR5 high;Inna P.;BPI202
7091509787934511397;LR5 high;LR6 high;Inna P.;BPI202
7091509787934511397;LR6 high;LR7 high;Inna P.;BPI202
7091509787934511397;LR7 high;LR8 high;Inna P.;BPI202
7091509787934511397;LR8 high;LR9 high;Inna P.;BPI202
7091509787934511397;LR9 high;LR11 high;Inna P.;BPI202
7091509787934511397;LR11 high;LR12 high;Inna P.;BPI202
7091509787934511397;LR12 high;LR13 high;Inna P.;BPI202
7091509787934511397;LR13 high;LR14 high;Inna P.;BPI202
7091509787934511397;LR14 high;LR15 high;Inna P.;BPI202
7091509787934511397;LR15 high;LR16 high;Inna P.;BPI202
7091509787934511397;LR16 high;LR17 med;Inna P.;BPI202
7091509787934511397;LR17 med;LR18 high;Inna P.;BPI202
7091509787934511397;LR18 high;Accum high;Inna P.;BPI202
7091509787934511397;Accum high;Result high;Inna P.;BPI202
-291085166190318294;LR1 high;LR2 high;Inna P.;BPI202
-291085166190318294;LR2 high;LR3 high;Inna P.;BPI202
-291085166190318294;LR3 high;LR4 med;Inna P.;BPI202
-291085166190318294;LR4 med;LR5 high;Inna P.;BPI202
-291085166190318294;LR5 high;LR6 high;Inna P.;BPI202
-291085166190318294;LR6 high;LR7 high;Inna P.;BPI202
-291085166190318294;LR7 high;LR8 high;Inna P.;BPI202
-291085166190318294;LR8 high;LR9 high;Inna P.;BPI202
-291085166190318294;LR9 high;LR11 high;Inna P.;BPI202
-291085166190318294;LR11 high;LR12 high;Inna P.;BPI202
-291085166190318294;LR12 high;LR13 high;Inna P.;BPI202
-291085166190318294;LR13 high;LR14 high;Inna P.;BPI202
-291085166190318294;LR14 high;LR15 high;Inna P.;BPI202
-291085166190318294;LR15 high;LR16 high;Inna P.;BPI202
-291085166190318294;LR16 high;LR17 med;Inna P.;BPI202
-291085166190318294;LR17 med;LR18 high;Inna P.;BPI202
-291085166190318294;LR18 high;Accum high;Inna P.;BPI202
-291085166190318294;Accum high;Result high;Inna P.;BPI202
4063114533823673131;LR1 high;LR2 high;Inna P.;BPI202
4063114533823673131;LR2 high;LR3 high;Inna P.;BPI202
4063114533823673131;LR3 high;LR4 high;Inna P.;BPI202
4063114533823673131;LR4 high;LR5 high;Inna P.;BPI202
4063114533823673131;LR5 high;LR6 high;Inna P.;BPI202
4063114533823673131;LR6 high;LR7 high;Inna P.;BPI202
4063114533823673131;LR7 high;LR8 high;Inna P.;BPI202
4063114533823673131;LR8 high;LR9 high;Inna P.;BPI202
4063114533823673131;LR9 high;LR11 high;Inna P.;BPI202
4063114533823673131;LR11 high;LR12 high;Inna P.;BPI202
4063114533823673131;LR12 high;LR13 high;Inna P.;BPI202
4063114533823673131;LR13 high;LR14 high;Inna P.;BPI202
4063114533823673131;LR14 high;LR15 high;Inna P.;BPI202
4063114533823673131;LR15 high;LR16 high;Inna P.;BPI202
4063114533823673131;LR16 high;LR17 med;Inna P.;BPI202
4063114533823673131;LR17 med;LR18 high;Inna P.;BPI202
4063114533823673131;LR18 high;Accum high;Inna P.;BPI202
4063114533823673131;Accum high;Result high;Inna P.;BPI202
-6577600276017467598;LR1 high;LR2 high;Inna P.;BPI202
-6577600276017467598;LR2 high;LR3 high;Inna P.;BPI202
-6577600276017467598;LR3 high;LR4 med;Inna P.;BPI202
-6577600276017467598;LR4 med;LR5 fail;Inna P.;BPI202
-6577600276017467598;LR5 fail;LR6 fail;Inna P.;BPI202
-6577600276017467598;LR6 fail;LR7 high;Inna P.;BPI202
-6577600276017467598;LR7 high;LR8 med;Inna P.;BPI202
-6577600276017467598;LR8 med;LR9 med;Inna P.;BPI202
-6577600276017467598;LR9 med;LR11 high;Inna P.;BPI202
-6577600276017467598;LR11 high;LR12 high;Inna P.;BPI202
-6577600276017467598;LR12 high;LR13 high;Inna P.;BPI202
-6577600276017467598;LR13 high;LR14 high;Inna P.;BPI202
-6577600276017467598;LR14 high;LR15 med;Inna P.;BPI202
-6577600276017467598;LR15 med;LR16 high;Inna P.;BPI202
-6577600276017467598;LR16 high;LR17 med;Inna P.;BPI202
-6577600276017467598;LR17 med;LR18 med;Inna P.;BPI202
-6577600276017467598;LR18 med;Accum med;Inna P.;BPI202
-6577600276017467598;Accum med;Result med;Inna P.;BPI202
-3789081210667505870;LR1 med;LR2 high;Inna P.;BPI202
-3789081210667505870;LR2 high;LR3 high;Inna P.;BPI202
-3789081210667505870;LR3 high;LR4 med;Inna P.;BPI202
-3789081210667505870;LR4 med;LR5 med;Inna P.;BPI202
-3789081210667505870;LR5 med;LR6 fail;Inna P.;BPI202
-3789081210667505870;LR6 fail;LR7 med;Inna P.;BPI202
-3789081210667505870;LR7 med;LR8 high;Inna P.;BPI202
-3789081210667505870;LR8 high;LR9 med;Inna P.;BPI202
-3789081210667505870;LR9 med;LR11 med;Inna P.;BPI202
-3789081210667505870;LR11 med;LR12 med;Inna P.;BPI202
-3789081210667505870;LR12 med;LR13 high;Inna P.;BPI202
-3789081210667505870;LR13 high;LR14 high;Inna P.;BPI202
-3789081210667505870;LR14 high;LR15 high;Inna P.;BPI202
-3789081210667505870;LR15 high;LR16 high;Inna P.;BPI202
-3789081210667505870;LR16 high;LR17 med;Inna P.;BPI202
-3789081210667505870;LR17 med;LR18 high;Inna P.;BPI202
-3789081210667505870;LR18 high;Accum med;Inna P.;BPI202
-3789081210667505870;Accum med;Result high;Inna P.;BPI202
-613894668953072330;LR1 med;LR2 fail;Inna P.;BPI202
-613894668953072330;LR2 fail;LR3 fail;Inna P.;BPI202
-613894668953072330;LR3 fail;LR4 med;Inna P.;BPI202
-613894668953072330;LR4 med;LR5 fail;Inna P.;BPI202
-613894668953072330;LR5 fail;LR6 fail;Inna P.;BPI202
-613894668953072330;LR6 fail;LR7 fail;Inna P.;BPI202
-613894668953072330;LR7 fail;LR8 fail;Inna P.;BPI202
-613894668953072330;LR8 fail;LR9 fail;Inna P.;BPI202
-613894668953072330;LR9 fail;LR11 fail;Inna P.;BPI202
-613894668953072330;LR11 fail;LR12 med;Inna P.;BPI202
-613894668953072330;LR12 med;LR13 med;Inna P.;BPI202
-613894668953072330;LR13 med;LR14 med;Inna P.;BPI202
-613894668953072330;LR14 med;LR15 med;Inna P.;BPI202
-613894668953072330;LR15 med;LR16 high;Inna P.;BPI202
-613894668953072330;LR16 high;LR17 fail;Inna P.;BPI202
-613894668953072330;LR17 fail;LR18 high;Inna P.;BPI202
-613894668953072330;LR18 high;Accum low;Inna P.;BPI202
-613894668953072330;Accum low;Result med;Inna P.;BPI202
-5186408271169580230;LR1 high;LR2 high;Inna P.;BPI202
-5186408271169580230;LR2 high;LR3 high;Inna P.;BPI202
-5186408271169580230;LR3 high;LR4 high;Inna P.;BPI202
-5186408271169580230;LR4 high;LR5 high;Inna P.;BPI202
-5186408271169580230;LR5 high;LR6 high;Inna P.;BPI202
-5186408271169580230;LR6 high;LR7 high;Inna P.;BPI202
-5186408271169580230;LR7 high;LR8 high;Inna P.;BPI202
-5186408271169580230;LR8 high;LR9 high;Inna P.;BPI202
-5186408271169580230;LR9 high;LR11 high;Inna P.;BPI202
-5186408271169580230;LR11 high;LR12 high;Inna P.;BPI202
-5186408271169580230;LR12 high;LR13 med;Inna P.;BPI202
-5186408271169580230;LR13 med;LR14 high;Inna P.;BPI202
-5186408271169580230;LR14 high;LR15 high;Inna P.;BPI202
-5186408271169580230;LR15 high;LR16 high;Inna P.;BPI202
-5186408271169580230;LR16 high;LR17 high;Inna P.;BPI202
-5186408271169580230;LR17 high;LR18 high;Inna P.;BPI202
-5186408271169580230;LR18 high;Accum high;Inna P.;BPI202
-5186408271169580230;Accum high;Result high;Inna P.;BPI202
-1304680601828825781;LR1 high;LR2 med;Inna P.;BPI202
-1304680601828825781;LR2 med;LR3 fail;Inna P.;BPI202
-1304680601828825781;LR3 fail;LR4 fail;Inna P.;BPI202
-1304680601828825781;LR4 fail;LR5 fail;Inna P.;BPI202
-1304680601828825781;LR5 fail;LR6 fail;Inna P.;BPI202
-1304680601828825781;LR6 fail;LR7 fail;Inna P.;BPI202
-1304680601828825781;LR7 fail;LR8 fail;Inna P.;BPI202
-1304680601828825781;LR8 fail;LR9 fail;Inna P.;BPI202
-1304680601828825781;LR9 fail;LR11 med;Inna P.;BPI202
-1304680601828825781;LR11 med;LR12 med;Inna P.;BPI202
-1304680601828825781;LR12 med;LR13 med;Inna P.;BPI202
-1304680601828825781;LR13 med;LR14 med;Inna P.;BPI202
-1304680601828825781;LR14 med;LR15 med;Inna P.;BPI202
-1304680601828825781;LR15 med;LR16 high;Inna P.;BPI202
-1304680601828825781;LR16 high;LR17 med;Inna P.;BPI202
-1304680601828825781;LR17 med;LR18 fail;Inna P.;BPI202
-1304680601828825781;LR18 fail;Accum low;Inna P.;BPI202
-1304680601828825781;Accum low;Result med;Inna P.;BPI202
265438108196042578;LR1 med;LR2 med;Inna P.;BPI202
265438108196042578;LR2 med;LR3 med;Inna P.;BPI202
265438108196042578;LR3 med;LR4 fail;Inna P.;BPI202
265438108196042578;LR4 fail;LR5 fail;Inna P.;BPI202
265438108196042578;LR5 fail;LR6 fail;Inna P.;BPI202
265438108196042578;LR6 fail;LR7 high;Inna P.;BPI202
265438108196042578;LR7 high;LR8 high;Inna P.;BPI202
265438108196042578;LR8 high;LR9 high;Inna P.;BPI202
265438108196042578;LR9 high;LR11 fail;Inna P.;BPI202
265438108196042578;LR11 fail;LR12 med;Inna P.;BPI202
265438108196042578;LR12 med;LR13 high;Inna P.;BPI202
265438108196042578;LR13 high;LR14 high;Inna P.;BPI202
265438108196042578;LR14 high;LR15 high;Inna P.;BPI202
265438108196042578;LR15 high;LR16 high;Inna P.;BPI202
265438108196042578;LR16 high;LR17 med;Inna P.;BPI202
265438108196042578;LR17 med;LR18 fail;Inna P.;BPI202
265438108196042578;LR18 fail;Accum med;Inna P.;BPI202
265438108196042578;Accum med;Result med;Inna P.;BPI202
2644966417217872219;LR1 high;LR2 high;Inna P.;BPI202
2644966417217872219;LR2 high;LR3 high;Inna P.;BPI202
2644966417217872219;LR3 high;LR4 high;Inna P.;BPI202
2644966417217872219;LR4 high;LR5 high;Inna P.;BPI202
2644966417217872219;LR5 high;LR6 high;Inna P.;BPI202
2644966417217872219;LR6 high;LR7 high;Inna P.;BPI202
2644966417217872219;LR7 high;LR8 high;Inna P.;BPI202
2644966417217872219;LR8 high;LR9 high;Inna P.;BPI202
2644966417217872219;LR9 high;LR11 high;Inna P.;BPI202
2644966417217872219;LR11 high;LR12 high;Inna P.;BPI202
2644966417217872219;LR12 high;LR13 high;Inna P.;BPI202
2644966417217872219;LR13 high;LR14 high;Inna P.;BPI202
2644966417217872219;LR14 high;LR15 high;Inna P.;BPI202
2644966417217872219;LR15 high;LR16 high;Inna P.;BPI202
2644966417217872219;LR16 high;LR17 fail;Inna P.;BPI202
2644966417217872219;LR17 fail;LR18 fail;Inna P.;BPI202
2644966417217872219;LR18 fail;Accum high;Inna P.;BPI202
2644966417217872219;Accum high;Result high;Inna P.;BPI202
9041964843809257306;LR1 med;LR2 high;Inna P.;BPI202
9041964843809257306;LR2 high;LR3 high;Inna P.;BPI202
9041964843809257306;LR3 high;LR4 fail;Inna P.;BPI202
9041964843809257306;LR4 fail;LR5 high;Inna P.;BPI202
9041964843809257306;LR5 high;LR6 med;Inna P.;BPI202
9041964843809257306;LR6 med;LR7 high;Inna P.;BPI202
9041964843809257306;LR7 high;LR8 high;Inna P.;BPI202
9041964843809257306;LR8 high;LR9 high;Inna P.;BPI202
9041964843809257306;LR9 high;LR11 high;Inna P.;BPI202
9041964843809257306;LR11 high;LR12 high;Inna P.;BPI202
9041964843809257306;LR12 high;LR13 med;Inna P.;BPI202
9041964843809257306;LR13 med;LR14 high;Inna P.;BPI202
9041964843809257306;LR14 high;LR15 med;Inna P.;BPI202
9041964843809257306;LR15 med;LR16 high;Inna P.;BPI202
9041964843809257306;LR16 high;LR17 high;Inna P.;BPI202
9041964843809257306;LR17 high;LR18 high;Inna P.;BPI202
9041964843809257306;LR18 high;Accum med;Inna P.;BPI202
9041964843809257306;Accum med;Result med;Inna P.;BPI202
-224910151283348639;LR1 med;LR2 med;Inna P.;BPI202
-224910151283348639;LR2 med;LR3 med;Inna P.;BPI202
-224910151283348639;LR3 med;LR4 fail;Inna P.;BPI202
-224910151283348639;LR4 fail;LR5 fail;Inna P.;BPI202
-224910151283348639;LR5 fail;LR6 fail;Inna P.;BPI202
-224910151283348639;LR6 fail;LR7 fail;Inna P.;BPI202
-224910151283348639;LR7 fail;LR8 med;Inna P.;BPI202
-224910151283348639;LR8 med;LR9 med;Inna P.;BPI202
-224910151283348639;LR9 med;LR11 med;Inna P.;BPI202
-224910151283348639;LR11 med;LR12 high;Inna P.;BPI202
-224910151283348639;LR12 high;LR13 high;Inna P.;BPI202
-224910151283348639;LR13 high;LR14 high;Inna P.;BPI202
-224910151283348639;LR14 high;LR15 med;Inna P.;BPI202
-224910151283348639;LR15 med;LR16 high;Inna P.;BPI202
-224910151283348639;LR16 high;LR17 med;Inna P.;BPI202
-224910151283348639;LR17 med;LR18 med;Inna P.;BPI202
-224910151283348639;LR18 med;Accum med;Inna P.;BPI202
-224910151283348639;Accum med;Result med;Inna P.;BPI202
7809491100799216994;LR1 fail;LR2 fail;Inna P.;BPI202
7809491100799216994;LR2 fail;LR3 fail;Inna P.;BPI202
7809491100799216994;LR3 fail;LR4 fail;Inna P.;BPI202
7809491100799216994;LR4 fail;LR5 fail;Inna P.;BPI202
7809491100799216994;LR5 fail;LR6 fail;Inna P.;BPI202
7809491100799216994;LR6 fail;LR7 fail;Inna P.;BPI202
7809491100799216994;LR7 fail;LR8 med;Inna P.;BPI202
7809491100799216994;LR8 med;LR9 fail;Inna P.;BPI202
7809491100799216994;LR9 fail;LR11 fail;Inna P.;BPI202
7809491100799216994;LR11 fail;LR12 fail;Inna P.;BPI202
7809491100799216994;LR12 fail;LR13 med;Inna P.;BPI202
7809491100799216994;LR13 med;LR14 med;Inna P.;BPI202
7809491100799216994;LR14 med;LR15 fail;Inna P.;BPI202
7809491100799216994;LR15 fail;LR16 low;Inna P.;BPI202
7809491100799216994;LR16 low;LR17 med;Inna P.;BPI202
7809491100799216994;LR17 med;LR18 fail;Inna P.;BPI202
7809491100799216994;LR18 fail;Accum low;Inna P.;BPI202
7809491100799216994;Accum low;Result med;Inna P.;BPI202
5916811743749211491;LR1 high;LR2 med;Inna P.;BPI202
5916811743749211491;LR2 med;LR3 high;Inna P.;BPI202
5916811743749211491;LR3 high;LR4 med;Inna P.;BPI202
5916811743749211491;LR4 med;LR5 high;Inna P.;BPI202
5916811743749211491;LR5 high;LR6 med;Inna P.;BPI202
5916811743749211491;LR6 med;LR7 high;Inna P.;BPI202
5916811743749211491;LR7 high;LR8 med;Inna P.;BPI202
5916811743749211491;LR8 med;LR9 med;Inna P.;BPI202
5916811743749211491;LR9 med;LR11 med;Inna P.;BPI202
5916811743749211491;LR11 med;LR12 high;Inna P.;BPI202
5916811743749211491;LR12 high;LR13 high;Inna P.;BPI202
5916811743749211491;LR13 high;LR14 med;Inna P.;BPI202
5916811743749211491;LR14 med;LR15 med;Inna P.;BPI202
5916811743749211491;LR15 med;LR16 high;Inna P.;BPI202
5916811743749211491;LR16 high;LR17 high;Inna P.;BPI202
5916811743749211491;LR17 high;LR18 high;Inna P.;BPI202
5916811743749211491;LR18 high;Accum med;Inna P.;BPI202
5916811743749211491;Accum med;Result high;Inna P.;BPI202
-8287440396508337810;LR1 high;LR2 high;Inna P.;BPI202
-8287440396508337810;LR2 high;LR3 high;Inna P.;BPI202
-8287440396508337810;LR3 high;LR4 med;Inna P.;BPI202
-8287440396508337810;LR4 med;LR5 high;Inna P.;BPI202
-8287440396508337810;LR5 high;LR6 med;Inna P.;BPI202
-8287440396508337810;LR6 med;LR7 med;Inna P.;BPI202
-8287440396508337810;LR7 med;LR8 med;Inna P.;BPI202
-8287440396508337810;LR8 med;LR9 med;Inna P.;BPI202
-8287440396508337810;LR9 med;LR11 med;Inna P.;BPI202
-8287440396508337810;LR11 med;LR12 med;Inna P.;BPI202
-8287440396508337810;LR12 med;LR13 med;Inna P.;BPI202
-8287440396508337810;LR13 med;LR14 med;Inna P.;BPI202
-8287440396508337810;LR14 med;LR15 high;Inna P.;BPI202
-8287440396508337810;LR15 high;LR16 med;Inna P.;BPI202
-8287440396508337810;LR16 med;LR17 med;Inna P.;BPI202
-8287440396508337810;LR17 med;LR18 med;Inna P.;BPI202
-8287440396508337810;LR18 med;Accum med;Inna P.;BPI202
-8287440396508337810;Accum med;Result high;Inna P.;BPI202
6842829494028631918;LR1 high;LR2 high;Inna P.;BPI202
6842829494028631918;LR2 high;LR3 high;Inna P.;BPI202
6842829494028631918;LR3 high;LR4 high;Inna P.;BPI202
6842829494028631918;LR4 high;LR5 high;Inna P.;BPI202
6842829494028631918;LR5 high;LR6 high;Inna P.;BPI202
6842829494028631918;LR6 high;LR7 high;Inna P.;BPI202
6842829494028631918;LR7 high;LR8 high;Inna P.;BPI202
6842829494028631918;LR8 high;LR9 high;Inna P.;BPI202
6842829494028631918;LR9 high;LR11 med;Inna P.;BPI202
6842829494028631918;LR11 med;LR12 high;Inna P.;BPI202
6842829494028631918;LR12 high;LR13 high;Inna P.;BPI202
6842829494028631918;LR13 high;LR14 high;Inna P.;BPI202
6842829494028631918;LR14 high;LR15 high;Inna P.;BPI202
6842829494028631918;LR15 high;LR16 high;Inna P.;BPI202
6842829494028631918;LR16 high;LR17 high;Inna P.;BPI202
6842829494028631918;LR17 high;LR18 high;Inna P.;BPI202
6842829494028631918;LR18 high;Accum high;Inna P.;BPI202
6842829494028631918;Accum high;Result high;Inna P.;BPI202
-3959554754946173055;LR1 med;LR2 high;Inna P.;BPI202
-3959554754946173055;LR2 high;LR3 high;Inna P.;BPI202
-3959554754946173055;LR3 high;LR4 med;Inna P.;BPI202
-3959554754946173055;LR4 med;LR5 high;Inna P.;BPI202
-3959554754946173055;LR5 high;LR6 high;Inna P.;BPI202
-3959554754946173055;LR6 high;LR7 high;Inna P.;BPI202
-3959554754946173055;LR7 high;LR8 fail;Inna P.;BPI202
-3959554754946173055;LR8 fail;LR9 med;Inna P.;BPI202
-3959554754946173055;LR9 med;LR11 med;Inna P.;BPI202
-3959554754946173055;LR11 med;LR12 med;Inna P.;BPI202
-3959554754946173055;LR12 med;LR13 med;Inna P.;BPI202
-3959554754946173055;LR13 med;LR14 high;Inna P.;BPI202
-3959554754946173055;LR14 high;LR15 med;Inna P.;BPI202
-3959554754946173055;LR15 med;LR16 high;Inna P.;BPI202
-3959554754946173055;LR16 high;LR17 high;Inna P.;BPI202
-3959554754946173055;LR17 high;LR18 high;Inna P.;BPI202
-3959554754946173055;LR18 high;Accum med;Inna P.;BPI202
-3959554754946173055;Accum med;Result med;Inna P.;BPI202
-2871344618784390777;LR1 high;LR2 high;Inna P.;BPI202
-2871344618784390777;LR2 high;LR3 high;Inna P.;BPI202
-2871344618784390777;LR3 high;LR4 high;Inna P.;BPI202
-2871344618784390777;LR4 high;LR5 high;Inna P.;BPI202
-2871344618784390777;LR5 high;LR6 high;Inna P.;BPI202
-2871344618784390777;LR6 high;LR7 high;Inna P.;BPI202
-2871344618784390777;LR7 high;LR8 high;Inna P.;BPI202
-2871344618784390777;LR8 high;LR9 high;Inna P.;BPI202
-2871344618784390777;LR9 high;LR11 med;Inna P.;BPI202
-2871344618784390777;LR11 med;LR12 high;Inna P.;BPI202
-2871344618784390777;LR12 high;LR13 high;Inna P.;BPI202
-2871344618784390777;LR13 high;LR14 high;Inna P.;BPI202
-2871344618784390777;LR14 high;LR15 high;Inna P.;BPI202
-2871344618784390777;LR15 high;LR16 med;Inna P.;BPI202
-2871344618784390777;LR16 med;LR17 high;Inna P.;BPI202
-2871344618784390777;LR17 high;LR18 high;Inna P.;BPI202
-2871344618784390777;LR18 high;Accum high;Inna P.;BPI202
-2871344618784390777;Accum high;Result high;Inna P.;BPI202
1514518296179503494;LR1 high;LR2 high;Inna P.;BPI202
1514518296179503494;LR2 high;LR3 high;Inna P.;BPI202
1514518296179503494;LR3 high;LR4 high;Inna P.;BPI202
1514518296179503494;LR4 high;LR5 high;Inna P.;BPI202
1514518296179503494;LR5 high;LR6 low;Inna P.;BPI202
1514518296179503494;LR6 low;LR7 med;Inna P.;BPI202
1514518296179503494;LR7 med;LR8 med;Inna P.;BPI202
1514518296179503494;LR8 med;LR9 med;Inna P.;BPI202
1514518296179503494;LR9 med;LR11 high;Inna P.;BPI202
1514518296179503494;LR11 high;LR12 high;Inna P.;BPI202
1514518296179503494;LR12 high;LR13 high;Inna P.;BPI202
1514518296179503494;LR13 high;LR14 high;Inna P.;BPI202
1514518296179503494;LR14 high;LR15 high;Inna P.;BPI202
1514518296179503494;LR15 high;LR16 high;Inna P.;BPI202
1514518296179503494;LR16 high;LR17 med;Inna P.;BPI202
1514518296179503494;LR17 med;LR18 fail;Inna P.;BPI202
1514518296179503494;LR18 fail;Accum med;Inna P.;BPI202
1514518296179503494;Accum med;Result med;Inna P.;BPI202
6785451644136212873;LR1 med;LR2 high;Inna P.;BPI202
6785451644136212873;LR2 high;LR3 high;Inna P.;BPI202
6785451644136212873;LR3 high;LR4 med;Inna P.;BPI202
6785451644136212873;LR4 med;LR5 high;Inna P.;BPI202
6785451644136212873;LR5 high;LR6 high;Inna P.;BPI202
6785451644136212873;LR6 high;LR7 med;Inna P.;BPI202
6785451644136212873;LR7 med;LR8 med;Inna P.;BPI202
6785451644136212873;LR8 med;LR9 med;Inna P.;BPI202
6785451644136212873;LR9 med;LR11 med;Inna P.;BPI202
6785451644136212873;LR11 med;LR12 med;Inna P.;BPI202
6785451644136212873;LR12 med;LR13 med;Inna P.;BPI202
6785451644136212873;LR13 med;LR14 high;Inna P.;BPI202
6785451644136212873;LR14 high;LR15 med;Inna P.;BPI202
6785451644136212873;LR15 med;LR16 high;Inna P.;BPI202
6785451644136212873;LR16 high;LR17 med;Inna P.;BPI202
6785451644136212873;LR17 med;LR18 low;Inna P.;BPI202
6785451644136212873;LR18 low;Accum med;Inna P.;BPI202
6785451644136212873;Accum med;Result med;Inna P.;BPI202
3191792083634833293;LR1 med;LR2 high;Inna P.;BPI202
3191792083634833293;LR2 high;LR3 high;Inna P.;BPI202
3191792083634833293;LR3 high;LR4 med;Inna P.;BPI202
3191792083634833293;LR4 med;LR5 med;Inna P.;BPI202
3191792083634833293;LR5 med;LR6 med;Inna P.;BPI202
3191792083634833293;LR6 med;LR7 med;Inna P.;BPI202
3191792083634833293;LR7 med;LR8 med;Inna P.;BPI202
3191792083634833293;LR8 med;LR9 high;Inna P.;BPI202
3191792083634833293;LR9 high;LR11 high;Inna P.;BPI202
3191792083634833293;LR11 high;LR12 high;Inna P.;BPI202
3191792083634833293;LR12 high;LR13 med;Inna P.;BPI202
3191792083634833293;LR13 med;LR14 high;Inna P.;BPI202
3191792083634833293;LR14 high;LR15 high;Inna P.;BPI202
3191792083634833293;LR15 high;LR16 med;Inna P.;BPI202
3191792083634833293;LR16 med;LR17 med;Inna P.;BPI202
3191792083634833293;LR17 med;LR18 fail;Inna P.;BPI202
3191792083634833293;LR18 fail;Accum med;Inna P.;BPI202
3191792083634833293;Accum med;Result med;Inna P.;BPI202
7579800972632593300;LR1 high;LR2 high;Inna P.;BPI202
7579800972632593300;LR2 high;LR3 high;Inna P.;BPI202
7579800972632593300;LR3 high;LR4 med;Inna P.;BPI202
7579800972632593300;LR4 med;LR5 high;Inna P.;BPI202
7579800972632593300;LR5 high;LR6 high;Inna P.;BPI202
7579800972632593300;LR6 high;LR7 high;Inna P.;BPI202
7579800972632593300;LR7 high;LR8 high;Inna P.;BPI202
7579800972632593300;LR8 high;LR9 high;Inna P.;BPI202
7579800972632593300;LR9 high;LR11 high;Inna P.;BPI202
7579800972632593300;LR11 high;LR12 high;Inna P.;BPI202
7579800972632593300;LR12 high;LR13 high;Inna P.;BPI202
7579800972632593300;LR13 high;LR14 high;Inna P.;BPI202
7579800972632593300;LR14 high;LR15 high;Inna P.;BPI202
7579800972632593300;LR15 high;LR16 high;Inna P.;BPI202
7579800972632593300;LR16 high;LR17 high;Inna P.;BPI202
7579800972632593300;LR17 high;LR18 high;Inna P.;BPI202
7579800972632593300;LR18 high;Accum high;Inna P.;BPI202
7579800972632593300;Accum high;Result high;Inna P.;BPI202
-2000881747045816937;LR1 high;LR2 high;Inna P.;BPI202
-2000881747045816937;LR2 high;LR3 high;Inna P.;BPI202
-2000881747045816937;LR3 high;LR4 fail;Inna P.;BPI202
-2000881747045816937;LR4 fail;LR5 fail;Inna P.;BPI202
-2000881747045816937;LR5 fail;LR6 med;Inna P.;BPI202
-2000881747045816937;LR6 med;LR7 high;Inna P.;BPI202
-2000881747045816937;LR7 high;LR8 high;Inna P.;BPI202
-2000881747045816937;LR8 high;LR9 high;Inna P.;BPI202
-2000881747045816937;LR9 high;LR11 fail;Inna P.;BPI202
-2000881747045816937;LR11 fail;LR12 fail;Inna P.;BPI202
-2000881747045816937;LR12 fail;LR13 fail;Inna P.;BPI202
-2000881747045816937;LR13 fail;LR14 med;Inna P.;BPI202
-2000881747045816937;LR14 med;LR15 high;Inna P.;BPI202
-2000881747045816937;LR15 high;LR16 med;Inna P.;BPI202
-2000881747045816937;LR16 med;LR17 med;Inna P.;BPI202
-2000881747045816937;LR17 med;LR18 low;Inna P.;BPI202
-2000881747045816937;LR18 low;Accum med;Inna P.;BPI202
-2000881747045816937;Accum med;Result med;Inna P.;BPI202
-5364661612378038881;LR1 med;LR2 med;Inna P.;BPI202
-5364661612378038881;LR2 med;LR3 med;Inna P.;BPI202
-5364661612378038881;LR3 med;LR4 med;Inna P.;BPI202
-5364661612378038881;LR4 med;LR5 low;Inna P.;BPI202
-5364661612378038881;LR5 low;LR6 med;Inna P.;BPI202
-5364661612378038881;LR6 med;LR7 med;Inna P.;BPI202
-5364661612378038881;LR7 med;LR8 med;Inna P.;BPI202
-5364661612378038881;LR8 med;LR9 high;Inna P.;BPI202
-5364661612378038881;LR9 high;LR11 med;Inna P.;BPI202
-5364661612378038881;LR11 med;LR12 med;Inna P.;BPI202
-5364661612378038881;LR12 med;LR13 high;Inna P.;BPI202
-5364661612378038881;LR13 high;LR14 high;Inna P.;BPI202
-5364661612378038881;LR14 high;LR15 high;Inna P.;BPI202
-5364661612378038881;LR15 high;LR16 high;Inna P.;BPI202
-5364661612378038881;LR16 high;LR17 med;Inna P.;BPI202
-5364661612378038881;LR17 med;LR18 med;Inna P.;BPI202
-5364661612378038881;LR18 med;Accum med;Inna P.;BPI202
-5364661612378038881;Accum med;Result med;Inna P.;BPI202
-5366347993990275168;LR1 high;LR2 high;Boris B.;BPI203
-5366347993990275168;LR2 high;LR3 high;Boris B.;BPI203
-5366347993990275168;LR3 high;LR4 fail;Boris B.;BPI203
-5366347993990275168;LR4 fail;LR5 med;Boris B.;BPI203
-5366347993990275168;LR5 med;LR6 fail;Boris B.;BPI203
-5366347993990275168;LR6 fail;LR7 fail;Boris B.;BPI203
-5366347993990275168;LR7 fail;LR8 med;Boris B.;BPI203
-5366347993990275168;LR8 med;LR9 med;Boris B.;BPI203
-5366347993990275168;LR9 med;LR11 high;Boris B.;BPI203
-5366347993990275168;LR11 high;LR12 med;Boris B.;BPI203
-5366347993990275168;LR12 med;LR13 med;Boris B.;BPI203
-5366347993990275168;LR13 med;LR14 high;Boris B.;BPI203
-5366347993990275168;LR14 high;LR15 fail;Boris B.;BPI203
-5366347993990275168;LR15 fail;LR16 med;Boris B.;BPI203
-5366347993990275168;LR16 med;LR17 high;Boris B.;BPI203
-5366347993990275168;LR17 high;LR18 fail;Boris B.;BPI203
-5366347993990275168;LR18 fail;Accum med;Boris B.;BPI203
-5366347993990275168;Accum med;Result med;Boris B.;BPI203
1566375051235867041;LR1 high;LR2 med;Boris B.;BPI203
1566375051235867041;LR2 med;LR3 high;Boris B.;BPI203
1566375051235867041;LR3 high;LR4 med;Boris B.;BPI203
1566375051235867041;LR4 med;LR5 med;Boris B.;BPI203
1566375051235867041;LR5 med;LR6 high;Boris B.;BPI203
1566375051235867041;LR6 high;LR7 fail;Boris B.;BPI203
1566375051235867041;LR7 fail;LR8 high;Boris B.;BPI203
1566375051235867041;LR8 high;LR9 high;Boris B.;BPI203
1566375051235867041;LR9 high;LR11 high;Boris B.;BPI203
1566375051235867041;LR11 high;LR12 high;Boris B.;BPI203
1566375051235867041;LR12 high;LR13 high;Boris B.;BPI203
1566375051235867041;LR13 high;LR14 high;Boris B.;BPI203
1566375051235867041;LR14 high;LR15 high;Boris B.;BPI203
1566375051235867041;LR15 high;LR16 high;Boris B.;BPI203
1566375051235867041;LR16 high;LR17 fail;Boris B.;BPI203
1566375051235867041;LR17 fail;LR18 fail;Boris B.;BPI203
1566375051235867041;LR18 fail;Accum med;Boris B.;BPI203
1566375051235867041;Accum med;Result med;Boris B.;BPI203
-2396577749417641045;LR1 high;LR2 med;Boris B.;BPI203
-2396577749417641045;LR2 med;LR3 high;Boris B.;BPI203
-2396577749417641045;LR3 high;LR4 high;Boris B.;BPI203
-2396577749417641045;LR4 high;LR5 high;Boris B.;BPI203
-2396577749417641045;LR5 high;LR6 high;Boris B.;BPI203
-2396577749417641045;LR6 high;LR7 high;Boris B.;BPI203
-2396577749417641045;LR7 high;LR8 high;Boris B.;BPI203
-2396577749417641045;LR8 high;LR9 high;Boris B.;BPI203
-2396577749417641045;LR9 high;LR11 high;Boris B.;BPI203
-2396577749417641045;LR11 high;LR12 high;Boris B.;BPI203
-2396577749417641045;LR12 high;LR13 high;Boris B.;BPI203
-2396577749417641045;LR13 high;LR14 high;Boris B.;BPI203
-2396577749417641045;LR14 high;LR15 high;Boris B.;BPI203
-2396577749417641045;LR15 high;LR16 high;Boris B.;BPI203
-2396577749417641045;LR16 high;LR17 high;Boris B.;BPI203
-2396577749417641045;LR17 high;LR18 high;Boris B.;BPI203
-2396577749417641045;LR18 high;Accum high;Boris B.;BPI203
-2396577749417641045;Accum high;Result high;Boris B.;BPI203
1519286096959311275;LR1 high;LR2 high;Boris B.;BPI203
1519286096959311275;LR2 high;LR3 fail;Boris B.;BPI203
1519286096959311275;LR3 fail;LR4 high;Boris B.;BPI203
1519286096959311275;LR4 high;LR5 fail;Boris B.;BPI203
1519286096959311275;LR5 fail;LR6 fail;Boris B.;BPI203
1519286096959311275;LR6 fail;LR7 fail;Boris B.;BPI203
1519286096959311275;LR7 fail;LR8 high;Boris B.;BPI203
1519286096959311275;LR8 high;LR9 fail;Boris B.;BPI203
1519286096959311275;LR9 fail;LR11 med;Boris B.;BPI203
1519286096959311275;LR11 med;LR12 med;Boris B.;BPI203
1519286096959311275;LR12 med;LR13 med;Boris B.;BPI203
1519286096959311275;LR13 med;LR14 med;Boris B.;BPI203
1519286096959311275;LR14 med;LR15 med;Boris B.;BPI203
1519286096959311275;LR15 med;LR16 med;Boris B.;BPI203
1519286096959311275;LR16 med;LR17 med;Boris B.;BPI203
1519286096959311275;LR17 med;LR18 med;Boris B.;BPI203
1519286096959311275;LR18 med;Accum med;Boris B.;BPI203
1519286096959311275;Accum med;Result med;Boris B.;BPI203
-1389610936749333068;LR1 high;LR2 med;Boris B.;BPI203
-1389610936749333068;LR2 med;LR3 med;Boris B.;BPI203
-1389610936749333068;LR3 med;LR4 fail;Boris B.;BPI203
-1389610936749333068;LR4 fail;LR5 med;Boris B.;BPI203
-1389610936749333068;LR5 med;LR6 fail;Boris B.;BPI203
-1389610936749333068;LR6 fail;LR7 fail;Boris B.;BPI203
-1389610936749333068;LR7 fail;LR8 med;Boris B.;BPI203
-1389610936749333068;LR8 med;LR9 med;Boris B.;BPI203
-1389610936749333068;LR9 med;LR11 med;Boris B.;BPI203
-1389610936749333068;LR11 med;LR12 fail;Boris B.;BPI203
-1389610936749333068;LR12 fail;LR13 fail;Boris B.;BPI203
-1389610936749333068;LR13 fail;LR14 med;Boris B.;BPI203
-1389610936749333068;LR14 med;LR15 med;Boris B.;BPI203
-1389610936749333068;LR15 med;LR16 med;Boris B.;BPI203
-1389610936749333068;LR16 med;LR17 low;Boris B.;BPI203
-1389610936749333068;LR17 low;LR18 med;Boris B.;BPI203
-1389610936749333068;LR18 med;Accum med;Boris B.;BPI203
-1389610936749333068;Accum med;Result med;Boris B.;BPI203
9118682549861162933;LR1 high;LR2 high;Boris B.;BPI203
9118682549861162933;LR2 high;LR3 high;Boris B.;BPI203
9118682549861162933;LR3 high;LR4 med;Boris B.;BPI203
9118682549861162933;LR4 med;LR5 med;Boris B.;BPI203
9118682549861162933;LR5 med;LR6 high;Boris B.;BPI203
9118682549861162933;LR6 high;LR7 high;Boris B.;BPI203
9118682549861162933;LR7 high;LR8 high;Boris B.;BPI203
9118682549861162933;LR8 high;LR9 high;Boris B.;BPI203
9118682549861162933;LR9 high;LR11 high;Boris B.;BPI203
9118682549861162933;LR11 high;LR12 high;Boris B.;BPI203
9118682549861162933;LR12 high;LR13 med;Boris B.;BPI203
9118682549861162933;LR13 med;LR14 high;Boris B.;BPI203
9118682549861162933;LR14 high;LR15 high;Boris B.;BPI203
9118682549861162933;LR15 high;LR16 high;Boris B.;BPI203
9118682549861162933;LR16 high;LR17 med;Boris B.;BPI203
9118682549861162933;LR17 med;LR18 fail;Boris B.;BPI203
9118682549861162933;LR18 fail;Accum med;Boris B.;BPI203
9118682549861162933;Accum med;Result high;Boris B.;BPI203
-388330461905596485;LR1 high;LR2 med;Boris B.;BPI203
-388330461905596485;LR2 med;LR3 med;Boris B.;BPI203
-388330461905596485;LR3 med;LR4 fail;Boris B.;BPI203
-388330461905596485;LR4 fail;LR5 fail;Boris B.;BPI203
-388330461905596485;LR5 fail;LR6 fail;Boris B.;BPI203
-388330461905596485;LR6 fail;LR7 fail;Boris B.;BPI203
-388330461905596485;LR7 fail;LR8 med;Boris B.;BPI203
-388330461905596485;LR8 med;LR9 med;Boris B.;BPI203
-388330461905596485;LR9 med;LR11 fail;Boris B.;BPI203
-388330461905596485;LR11 fail;LR12 fail;Boris B.;BPI203
-388330461905596485;LR12 fail;LR13 fail;Boris B.;BPI203
-388330461905596485;LR13 fail;LR14 fail;Boris B.;BPI203
-388330461905596485;LR14 fail;LR15 fail;Boris B.;BPI203
-388330461905596485;LR15 fail;LR16 fail;Boris B.;BPI203
-388330461905596485;LR16 fail;LR17 fail;Boris B.;BPI203
-388330461905596485;LR17 fail;LR18 fail;Boris B.;BPI203
-388330461905596485;LR18 fail;Accum low;Boris B.;BPI203
-388330461905596485;Accum low;Result med;Boris B.;BPI203
6906224643180040634;LR1 high;LR2 high;Boris B.;BPI203
6906224643180040634;LR2 high;LR3 high;Boris B.;BPI203
6906224643180040634;LR3 high;LR4 high;Boris B.;BPI203
6906224643180040634;LR4 high;LR5 high;Boris B.;BPI203
6906224643180040634;LR5 high;LR6 high;Boris B.;BPI203
6906224643180040634;LR6 high;LR7 high;Boris B.;BPI203
6906224643180040634;LR7 high;LR8 high;Boris B.;BPI203
6906224643180040634;LR8 high;LR9 high;Boris B.;BPI203
6906224643180040634;LR9 high;LR11 high;Boris B.;BPI203
6906224643180040634;LR11 high;LR12 high;Boris B.;BPI203
6906224643180040634;LR12 high;LR13 high;Boris B.;BPI203
6906224643180040634;LR13 high;LR14 high;Boris B.;BPI203
6906224643180040634;LR14 high;LR15 high;Boris B.;BPI203
6906224643180040634;LR15 high;LR16 high;Boris B.;BPI203
6906224643180040634;LR16 high;LR17 fail;Boris B.;BPI203
6906224643180040634;LR17 fail;LR18 fail;Boris B.;BPI203
6906224643180040634;LR18 fail;Accum high;Boris B.;BPI203
6906224643180040634;Accum high;Result high;Boris B.;BPI203
139456847159401418;LR1 med;LR2 med;Boris B.;BPI203
139456847159401418;LR2 med;LR3 high;Boris B.;BPI203
139456847159401418;LR3 high;LR4 high;Boris B.;BPI203
139456847159401418;LR4 high;LR5 high;Boris B.;BPI203
139456847159401418;LR5 high;LR6 med;Boris B.;BPI203
139456847159401418;LR6 med;LR7 high;Boris B.;BPI203
139456847159401418;LR7 high;LR8 high;Boris B.;BPI203
139456847159401418;LR8 high;LR9 high;Boris B.;BPI203
139456847159401418;LR9 high;LR11 high;Boris B.;BPI203
139456847159401418;LR11 high;LR12 high;Boris B.;BPI203
139456847159401418;LR12 high;LR13 high;Boris B.;BPI203
139456847159401418;LR13 high;LR14 high;Boris B.;BPI203
139456847159401418;LR14 high;LR15 high;Boris B.;BPI203
139456847159401418;LR15 high;LR16 high;Boris B.;BPI203
139456847159401418;LR16 high;LR17 med;Boris B.;BPI203
139456847159401418;LR17 med;LR18 med;Boris B.;BPI203
139456847159401418;LR18 med;Accum high;Boris B.;BPI203
139456847159401418;Accum high;Result high;Boris B.;BPI203
1291888377381060047;LR1 high;LR2 high;Boris B.;BPI203
1291888377381060047;LR2 high;LR3 high;Boris B.;BPI203
1291888377381060047;LR3 high;LR4 high;Boris B.;BPI203
1291888377381060047;LR4 high;LR5 high;Boris B.;BPI203
1291888377381060047;LR5 high;LR6 high;Boris B.;BPI203
1291888377381060047;LR6 high;LR7 high;Boris B.;BPI203
1291888377381060047;LR7 high;LR8 high;Boris B.;BPI203
1291888377381060047;LR8 high;LR9 high;Boris B.;BPI203
1291888377381060047;LR9 high;LR11 high;Boris B.;BPI203
1291888377381060047;LR11 high;LR12 high;Boris B.;BPI203
1291888377381060047;LR12 high;LR13 high;Boris B.;BPI203
1291888377381060047;LR13 high;LR14 high;Boris B.;BPI203
1291888377381060047;LR14 high;LR15 high;Boris B.;BPI203
1291888377381060047;LR15 high;LR16 high;Boris B.;BPI203
1291888377381060047;LR16 high;LR17 med;Boris B.;BPI203
1291888377381060047;LR17 med;LR18 high;Boris B.;BPI203
1291888377381060047;LR18 high;Accum high;Boris B.;BPI203
1291888377381060047;Accum high;Result high;Boris B.;BPI203
-2691022129235509808;LR1 high;LR2 high;Boris B.;BPI203
-2691022129235509808;LR2 high;LR3 med;Boris B.;BPI203
-2691022129235509808;LR3 med;LR4 high;Boris B.;BPI203
-2691022129235509808;LR4 high;LR5 high;Boris B.;BPI203
-2691022129235509808;LR5 high;LR6 med;Boris B.;BPI203
-2691022129235509808;LR6 med;LR7 high;Boris B.;BPI203
-2691022129235509808;LR7 high;LR8 med;Boris B.;BPI203
-2691022129235509808;LR8 med;LR9 med;Boris B.;BPI203
-2691022129235509808;LR9 med;LR11 high;Boris B.;BPI203
-2691022129235509808;LR11 high;LR12 high;Boris B.;BPI203
-2691022129235509808;LR12 high;LR13 med;Boris B.;BPI203
-2691022129235509808;LR13 med;LR14 high;Boris B.;BPI203
-2691022129235509808;LR14 high;LR15 high;Boris B.;BPI203
-2691022129235509808;LR15 high;LR16 high;Boris B.;BPI203
-2691022129235509808;LR16 high;LR17 high;Boris B.;BPI203
-2691022129235509808;LR17 high;LR18 high;Boris B.;BPI203
-2691022129235509808;LR18 high;Accum high;Boris B.;BPI203
-2691022129235509808;Accum high;Result high;Boris B.;BPI203
8575024571684150225;LR1 fail;LR2 med;Boris B.;BPI203
8575024571684150225;LR2 med;LR3 fail;Boris B.;BPI203
8575024571684150225;LR3 fail;LR4 fail;Boris B.;BPI203
8575024571684150225;LR4 fail;LR5 med;Boris B.;BPI203
8575024571684150225;LR5 med;LR6 med;Boris B.;BPI203
8575024571684150225;LR6 med;LR7 high;Boris B.;BPI203
8575024571684150225;LR7 high;LR8 med;Boris B.;BPI203
8575024571684150225;LR8 med;LR9 med;Boris B.;BPI203
8575024571684150225;LR9 med;LR11 high;Boris B.;BPI203
8575024571684150225;LR11 high;LR12 fail;Boris B.;BPI203
8575024571684150225;LR12 fail;LR13 fail;Boris B.;BPI203
8575024571684150225;LR13 fail;LR14 fail;Boris B.;BPI203
8575024571684150225;LR14 fail;LR15 med;Boris B.;BPI203
8575024571684150225;LR15 med;LR16 med;Boris B.;BPI203
8575024571684150225;LR16 med;LR17 med;Boris B.;BPI203
8575024571684150225;LR17 med;LR18 med;Boris B.;BPI203
8575024571684150225;LR18 med;Accum med;Boris B.;BPI203
8575024571684150225;Accum med;Result med;Boris B.;BPI203
-6047248132655710245;LR1 med;LR2 high;Boris B.;BPI203
-6047248132655710245;LR2 high;LR3 high;Boris B.;BPI203
-6047248132655710245;LR3 high;LR4 med;Boris B.;BPI203
-6047248132655710245;LR4 med;LR5 high;Boris B.;BPI203
-6047248132655710245;LR5 high;LR6 high;Boris B.;BPI203
-6047248132655710245;LR6 high;LR7 high;Boris B.;BPI203
-6047248132655710245;LR7 high;LR8 high;Boris B.;BPI203
-6047248132655710245;LR8 high;LR9 high;Boris B.;BPI203
-6047248132655710245;LR9 high;LR11 high;Boris B.;BPI203
-6047248132655710245;LR11 high;LR12 high;Boris B.;BPI203
-6047248132655710245;LR12 high;LR13 high;Boris B.;BPI203
-6047248132655710245;LR13 high;LR14 high;Boris B.;BPI203
-6047248132655710245;LR14 high;LR15 high;Boris B.;BPI203
-6047248132655710245;LR15 high;LR16 high;Boris B.;BPI203
-6047248132655710245;LR16 high;LR17 high;Boris B.;BPI203
-6047248132655710245;LR17 high;LR18 med;Boris B.;BPI203
-6047248132655710245;LR18 med;Accum high;Boris B.;BPI203
-6047248132655710245;Accum high;Result high;Boris B.;BPI203
2521453277039292376;LR1 high;LR2 high;Boris B.;BPI203
2521453277039292376;LR2 high;LR3 high;Boris B.;BPI203
2521453277039292376;LR3 high;LR4 med;Boris B.;BPI203
2521453277039292376;LR4 med;LR5 high;Boris B.;BPI203
2521453277039292376;LR5 high;LR6 high;Boris B.;BPI203
2521453277039292376;LR6 high;LR7 high;Boris B.;BPI203
2521453277039292376;LR7 high;LR8 high;Boris B.;BPI203
2521453277039292376;LR8 high;LR9 high;Boris B.;BPI203
2521453277039292376;LR9 high;LR11 high;Boris B.;BPI203
2521453277039292376;LR11 high;LR12 high;Boris B.;BPI203
2521453277039292376;LR12 high;LR13 high;Boris B.;BPI203
2521453277039292376;LR13 high;LR14 high;Boris B.;BPI203
2521453277039292376;LR14 high;LR15 high;Boris B.;BPI203
2521453277039292376;LR15 high;LR16 high;Boris B.;BPI203
2521453277039292376;LR16 high;LR17 med;Boris B.;BPI203
2521453277039292376;LR17 med;LR18 high;Boris B.;BPI203
2521453277039292376;LR18 high;Accum high;Boris B.;BPI203
2521453277039292376;Accum high;Result high;Boris B.;BPI203
-2746253560096650781;LR1 high;LR2 high;Boris B.;BPI203
-2746253560096650781;LR2 high;LR3 high;Boris B.;BPI203
-2746253560096650781;LR3 high;LR4 high;Boris B.;BPI203
-2746253560096650781;LR4 high;LR5 high;Boris B.;BPI203
-2746253560096650781;LR5 high;LR6 high;Boris B.;BPI203
-2746253560096650781;LR6 high;LR7 high;Boris B.;BPI203
-2746253560096650781;LR7 high;LR8 high;Boris B.;BPI203
-2746253560096650781;LR8 high;LR9 high;Boris B.;BPI203
-2746253560096650781;LR9 high;LR11 high;Boris B.;BPI203
-2746253560096650781;LR11 high;LR12 high;Boris B.;BPI203
-2746253560096650781;LR12 high;LR13 high;Boris B.;BPI203
-2746253560096650781;LR13 high;LR14 high;Boris B.;BPI203
-2746253560096650781;LR14 high;LR15 high;Boris B.;BPI203
-2746253560096650781;LR15 high;LR16 high;Boris B.;BPI203
-2746253560096650781;LR16 high;LR17 med;Boris B.;BPI203
-2746253560096650781;LR17 med;LR18 high;Boris B.;BPI203
-2746253560096650781;LR18 high;Accum high;Boris B.;BPI203
-2746253560096650781;Accum high;Result high;Boris B.;BPI203
4065559478196461539;LR1 high;LR2 high;Boris B.;BPI203
4065559478196461539;LR2 high;LR3 med;Boris B.;BPI203
4065559478196461539;LR3 med;LR4 med;Boris B.;BPI203
4065559478196461539;LR4 med;LR5 high;Boris B.;BPI203
4065559478196461539;LR5 high;LR6 high;Boris B.;BPI203
4065559478196461539;LR6 high;LR7 high;Boris B.;BPI203
4065559478196461539;LR7 high;LR8 high;Boris B.;BPI203
4065559478196461539;LR8 high;LR9 high;Boris B.;BPI203
4065559478196461539;LR9 high;LR11 high;Boris B.;BPI203
4065559478196461539;LR11 high;LR12 high;Boris B.;BPI203
4065559478196461539;LR12 high;LR13 high;Boris B.;BPI203
4065559478196461539;LR13 high;LR14 high;Boris B.;BPI203
4065559478196461539;LR14 high;LR15 high;Boris B.;BPI203
4065559478196461539;LR15 high;LR16 high;Boris B.;BPI203
4065559478196461539;LR16 high;LR17 med;Boris B.;BPI203
4065559478196461539;LR17 med;LR18 med;Boris B.;BPI203
4065559478196461539;LR18 med;Accum high;Boris B.;BPI203
4065559478196461539;Accum high;Result high;Boris B.;BPI203
2546814687376832483;LR1 high;LR2 high;Boris B.;BPI203
2546814687376832483;LR2 high;LR3 high;Boris B.;BPI203
2546814687376832483;LR3 high;LR4 med;Boris B.;BPI203
2546814687376832483;LR4 med;LR5 high;Boris B.;BPI203
2546814687376832483;LR5 high;LR6 med;Boris B.;BPI203
2546814687376832483;LR6 med;LR7 high;Boris B.;BPI203
2546814687376832483;LR7 high;LR8 high;Boris B.;BPI203
2546814687376832483;LR8 high;LR9 high;Boris B.;BPI203
2546814687376832483;LR9 high;LR11 med;Boris B.;BPI203
2546814687376832483;LR11 med;LR12 high;Boris B.;BPI203
2546814687376832483;LR12 high;LR13 med;Boris B.;BPI203
2546814687376832483;LR13 med;LR14 high;Boris B.;BPI203
2546814687376832483;LR14 high;LR15 high;Boris B.;BPI203
2546814687376832483;LR15 high;LR16 high;Boris B.;BPI203
2546814687376832483;LR16 high;LR17 med;Boris B.;BPI203
2546814687376832483;LR17 med;LR18 high;Boris B.;BPI203
2546814687376832483;LR18 high;Accum med;Boris B.;BPI203
2546814687376832483;Accum med;Result med;Boris B.;BPI203
-3461736390785817114;LR1 med;LR2 high;Boris B.;BPI203
-3461736390785817114;LR2 high;LR3 med;Boris B.;BPI203
-3461736390785817114;LR3 med;LR4 med;Boris B.;BPI203
-3461736390785817114;LR4 med;LR5 med;Boris B.;BPI203
-3461736390785817114;LR5 med;LR6 med;Boris B.;BPI203
-3461736390785817114;LR6 med;LR7 med;Boris B.;BPI203
-3461736390785817114;LR7 med;LR8 med;Boris B.;BPI203
-3461736390785817114;LR8 med;LR9 med;Boris B.;BPI203
-3461736390785817114;LR9 med;LR11 med;Boris B.;BPI203
-3461736390785817114;LR11 med;LR12 fail;Boris B.;BPI203
-3461736390785817114;LR12 fail;LR13 low;Boris B.;BPI203
-3461736390785817114;LR13 low;LR14 high;Boris B.;BPI203
-3461736390785817114;LR14 high;LR15 med;Boris B.;BPI203
-3461736390785817114;LR15 med;LR16 med;Boris B.;BPI203
-3461736390785817114;LR16 med;LR17 med;Boris B.;BPI203
-3461736390785817114;LR17 med;LR18 high;Boris B.;BPI203
-3461736390785817114;LR18 high;Accum med;Boris B.;BPI203
-3461736390785817114;Accum med;Result med;Boris B.;BPI203
-4277830354198197270;LR1 high;LR2 high;Boris B.;BPI203
-4277830354198197270;LR2 high;LR3 high;Boris B.;BPI203
-4277830354198197270;LR3 high;LR4 high;Boris B.;BPI203
-4277830354198197270;LR4 high;LR5 med;Boris B.;BPI203
-4277830354198197270;LR5 med;LR6 high;Boris B.;BPI203
-4277830354198197270;LR6 high;LR7 high;Boris B.;BPI203
-4277830354198197270;LR7 high;LR8 fail;Boris B.;BPI203
-4277830354198197270;LR8 fail;LR9 fail;Boris B.;BPI203
-4277830354198197270;LR9 fail;LR11 fail;Boris B.;BPI203
-4277830354198197270;LR11 fail;LR12 fail;Boris B.;BPI203
-4277830354198197270;LR12 fail;LR13 fail;Boris B.;BPI203
-4277830354198197270;LR13 fail;LR14 fail;Boris B.;BPI203
-4277830354198197270;LR14 fail;LR15 fail;Boris B.;BPI203
-4277830354198197270;LR15 fail;LR16 fail;Boris B.;BPI203
-4277830354198197270;LR16 fail;LR17 fail;Boris B.;BPI203
-4277830354198197270;LR17 fail;LR18 fail;Boris B.;BPI203
-4277830354198197270;LR18 fail;Accum med;Boris B.;BPI203
-4277830354198197270;Accum med;Result med;Boris B.;BPI203
6276170902289014250;LR1 fail;LR2 fail;Boris B.;BPI203
6276170902289014250;LR2 fail;LR3 high;Boris B.;BPI203
6276170902289014250;LR3 high;LR4 high;Boris B.;BPI203
6276170902289014250;LR4 high;LR5 high;Boris B.;BPI203
6276170902289014250;LR5 high;LR6 med;Boris B.;BPI203
6276170902289014250;LR6 med;LR7 high;Boris B.;BPI203
6276170902289014250;LR7 high;LR8 fail;Boris B.;BPI203
6276170902289014250;LR8 fail;LR9 med;Boris B.;BPI203
6276170902289014250;LR9 med;LR11 low;Boris B.;BPI203
6276170902289014250;LR11 low;LR12 high;Boris B.;BPI203
6276170902289014250;LR12 high;LR13 fail;Boris B.;BPI203
6276170902289014250;LR13 fail;LR14 high;Boris B.;BPI203
6276170902289014250;LR14 high;LR15 med;Boris B.;BPI203
6276170902289014250;LR15 med;LR16 high;Boris B.;BPI203
6276170902289014250;LR16 high;LR17 med;Boris B.;BPI203
6276170902289014250;LR17 med;LR18 fail;Boris B.;BPI203
6276170902289014250;LR18 fail;Accum med;Boris B.;BPI203
6276170902289014250;Accum med;Result med;Boris B.;BPI203
332501647914922477;LR1 high;LR2 med;Boris B.;BPI203
332501647914922477;LR2 med;LR3 med;Boris B.;BPI203
332501647914922477;LR3 med;LR4 fail;Boris B.;BPI203
332501647914922477;LR4 fail;LR5 low;Boris B.;BPI203
332501647914922477;LR5 low;LR6 fail;Boris B.;BPI203
332501647914922477;LR6 fail;LR7 low;Boris B.;BPI203
332501647914922477;LR7 low;LR8 fail;Boris B.;BPI203
332501647914922477;LR8 fail;LR9 low;Boris B.;BPI203
332501647914922477;LR9 low;LR11 low;Boris B.;BPI203
332501647914922477;LR11 low;LR12 med;Boris B.;BPI203
332501647914922477;LR12 med;LR13 med;Boris B.;BPI203
332501647914922477;LR13 med;LR14 med;Boris B.;BPI203
332501647914922477;LR14 med;LR15 med;Boris B.;BPI203
332501647914922477;LR15 med;LR16 high;Boris B.;BPI203
332501647914922477;LR16 high;LR17 med;Boris B.;BPI203
332501647914922477;LR17 med;LR18 fail;Boris B.;BPI203
332501647914922477;LR18 fail;Accum med;Boris B.;BPI203
332501647914922477;Accum med;Result med;Boris B.;BPI203
8279375346454241776;LR1 high;LR2 high;Boris B.;BPI203
8279375346454241776;LR2 high;LR3 high;Boris B.;BPI203
8279375346454241776;LR3 high;LR4 high;Boris B.;BPI203
8279375346454241776;LR4 high;LR5 high;Boris B.;BPI203
8279375346454241776;LR5 high;LR6 high;Boris B.;BPI203
8279375346454241776;LR6 high;LR7 high;Boris B.;BPI203
8279375346454241776;LR7 high;LR8 high;Boris B.;BPI203
8279375346454241776;LR8 high;LR9 high;Boris B.;BPI203
8279375346454241776;LR9 high;LR11 high;Boris B.;BPI203
8279375346454241776;LR11 high;LR12 high;Boris B.;BPI203
8279375346454241776;LR12 high;LR13 high;Boris B.;BPI203
8279375346454241776;LR13 high;LR14 high;Boris B.;BPI203
8279375346454241776;LR14 high;LR15 high;Boris B.;BPI203
8279375346454241776;LR15 high;LR16 high;Boris B.;BPI203
8279375346454241776;LR16 high;LR17 high;Boris B.;BPI203
8279375346454241776;LR17 high;LR18 med;Boris B.;BPI203
8279375346454241776;LR18 med;Accum high;Boris B.;BPI203
8279375346454241776;Accum high;Result high;Boris B.;BPI203
-7202354896644110854;LR1 med;LR2 high;Boris B.;BPI203
-7202354896644110854;LR2 high;LR3 high;Boris B.;BPI203
-7202354896644110854;LR3 high;LR4 med;Boris B.;BPI203
-7202354896644110854;LR4 med;LR5 med;Boris B.;BPI203
-7202354896644110854;LR5 med;LR6 high;Boris B.;BPI203
-7202354896644110854;LR6 high;LR7 high;Boris B.;BPI203
-7202354896644110854;LR7 high;LR8 high;Boris B.;BPI203
-7202354896644110854;LR8 high;LR9 med;Boris B.;BPI203
-7202354896644110854;LR9 med;LR11 med;Boris B.;BPI203
-7202354896644110854;LR11 med;LR12 high;Boris B.;BPI203
-7202354896644110854;LR12 high;LR13 high;Boris B.;BPI203
-7202354896644110854;LR13 high;LR14 high;Boris B.;BPI203
-7202354896644110854;LR14 high;LR15 high;Boris B.;BPI203
-7202354896644110854;LR15 high;LR16 high;Boris B.;BPI203
-7202354896644110854;LR16 high;LR17 med;Boris B.;BPI203
-7202354896644110854;LR17 med;LR18 med;Boris B.;BPI203
-7202354896644110854;LR18 med;Accum med;Boris B.;BPI203
-7202354896644110854;Accum med;Result med;Boris B.;BPI203
-8126364164323745793;LR1 high;LR2 high;Boris B.;BPI203
-8126364164323745793;LR2 high;LR3 high;Boris B.;BPI203
-8126364164323745793;LR3 high;LR4 high;Boris B.;BPI203
-8126364164323745793;LR4 high;LR5 high;Boris B.;BPI203
-8126364164323745793;LR5 high;LR6 high;Boris B.;BPI203
-8126364164323745793;LR6 high;LR7 high;Boris B.;BPI203
-8126364164323745793;LR7 high;LR8 med;Boris B.;BPI203
-8126364164323745793;LR8 med;LR9 high;Boris B.;BPI203
-8126364164323745793;LR9 high;LR11 high;Boris B.;BPI203
-8126364164323745793;LR11 high;LR12 high;Boris B.;BPI203
-8126364164323745793;LR12 high;LR13 high;Boris B.;BPI203
-8126364164323745793;LR13 high;LR14 high;Boris B.;BPI203
-8126364164323745793;LR14 high;LR15 high;Boris B.;BPI203
-8126364164323745793;LR15 high;LR16 high;Boris B.;BPI203
-8126364164323745793;LR16 high;LR17 med;Boris B.;BPI203
-8126364164323745793;LR17 med;LR18 fail;Boris B.;BPI203
-8126364164323745793;LR18 fail;Accum high;Boris B.;BPI203
-8126364164323745793;Accum high;Result high;Boris B.;BPI203
1583354744052496383;LR1 high;LR2 high;Boris B.;BPI203
1583354744052496383;LR2 high;LR3 med;Boris B.;BPI203
1583354744052496383;LR3 med;LR4 med;Boris B.;BPI203
1583354744052496383;LR4 med;LR5 high;Boris B.;BPI203
1583354744052496383;LR5 high;LR6 med;Boris B.;BPI203
1583354744052496383;LR6 med;LR7 med;Boris B.;BPI203
1583354744052496383;LR7 med;LR8 med;Boris B.;BPI203
1583354744052496383;LR8 med;LR9 med;Boris B.;BPI203
1583354744052496383;LR9 med;LR11 fail;Boris B.;BPI203
1583354744052496383;LR11 fail;LR12 med;Boris B.;BPI203
1583354744052496383;LR12 med;LR13 med;Boris B.;BPI203
1583354744052496383;LR13 med;LR14 high;Boris B.;BPI203
1583354744052496383;LR14 high;LR15 high;Boris B.;BPI203
1583354744052496383;LR15 high;LR16 med;Boris B.;BPI203
1583354744052496383;LR16 med;LR17 fail;Boris B.;BPI203
1583354744052496383;LR17 fail;LR18 fail;Boris B.;BPI203
1583354744052496383;LR18 fail;Accum med;Boris B.;BPI203
1583354744052496383;Accum med;Result med;Boris B.;BPI203