student,source,target,lector
Student 1,HW1 High,HW2 Medium,Lector 1
Student 1,HW2 Medium,HW3 High,Lector 1
Student 1,HW3 High,HW4 Medium,Lector 1
Student 1,HW4 Medium,HW5 High,Lector 1
Student 1,HW5 High,HW6 Low,Lector 1
Student 1,HW6 Low,HW7 Medium,Lector 1
Student 1,HW7 Medium,HW8 Medium,Lector 1
Student 1,HW8 Medium,HW9 Low,Lector 1
Student 1,HW9 Low,HW10 Medium,Lector 1
Student 2,HW1 Medium,HW2 Medium,Lector 1
Student 2,HW2 Medium,HW3 High,Lector 1
Student 2,HW3 High,HW4 Medium,Lector 1
Student 2,HW4 Medium,HW5 Medium,Lector 1
Student 2,HW5 Medium,HW6 Medium,Lector 1
Student 2,HW6 Medium,HW7 Low,Lector 1
Student 2,HW7 Low,HW8 High,Lector 1
Student 2,HW8 High,HW9 Low,Lector 1
Student 2,HW9 Low,HW10 Medium,Lector 1
Student 3,HW1 Low,HW2 High,Lector 1
Student 3,HW2 High,HW3 High,Lector 1
Student 3,HW3 High,HW4 Low,Lector 1
Student 3,HW4 Low,HW5 Low,Lector 1
Student 3,HW5 Low,HW6 Low,Lector 1
Student 3,HW6 Low,HW7 High,Lector 1
Student 3,HW7 High,HW8 Low,Lector 1
Student 3,HW8 Low,HW9 Medium,Lector 1
Student 3,HW9 Medium,HW10 Low,Lector 1
Student 4,HW1 Medium,HW2 Medium,Lector 1
Student 4,HW2 Medium,HW3 High,Lector 1
Student 4,HW3 High,HW4 High,Lector 1
Student 4,HW4 High,HW5 High,Lector 1
Student 4,HW5 High,HW6 High,Lector 1
Student 4,HW6 High,HW7 High,Lector 1
Student 4,HW7 High,HW8 High,Lector 1
Student 4,HW8 High,HW9 Low,Lector 1
Student 4,HW9 Low,HW10 High,Lector 1
Student 5,HW1 Low,HW2 Low,Lector 1
Student 5,HW2 Low,HW3 Low,Lector 1
Student 5,HW3 Low,HW4 Medium,Lector 1
Student 5,HW4 Medium,HW5 Medium,Lector 1
Student 5,HW5 Medium,HW6 High,Lector 1
Student 5,HW6 High,HW7 Medium,Lector 1
Student 5,HW7 Medium,HW8 High,Lector 1
Student 5,HW8 High,HW9 High,Lector 1
Student 5,HW9 High,HW10 High,Lector 1
Student 6,HW1 Low,HW2 High,Lector 1
Student 6,HW2 High,HW3 Low,Lector 1
Student 6,HW3 Low,HW4 High,Lector 1
Student 6,HW4 High,HW5 Medium,Lector 1
Student 6,HW5 Medium,HW6 High,Lector 1
Student 6,HW6 High,HW7 High,Lector 1
Student 6,HW7 High,HW8 High,Lector 1
Student 6,HW8 High,HW9 High,Lector 1
Student 6,HW9 High,HW10 Medium,Lector 1
Student 7,HW1 Low,HW2 Low,Lector 1
Student 7,HW2 Low,HW3 High,Lector 1
Student 7,HW3 High,HW4 Medium,Lector 1
Student 7,HW4 Medium,HW5 Low,Lector 1
Student 7,HW5 Low,HW6 Medium,Lector 1
Student 7,HW6 Medium,HW7 Low,Lector 1
Student 7,HW7 Low,HW8 High,Lector 1
Student 7,HW8 High,HW9 High,Lector 1
Student 7,HW9 High,HW10 Medium,Lector 1
Student 8,HW1 Medium,HW2 Low,Lector 1
Student 8,HW2 Low,HW3 Low,Lector 1
Student 8,HW3 Low,HW4 Low,Lector 1
Student 8,HW4 Low,HW5 Medium,Lector 1
Student 8,HW5 Medium,HW6 Medium,Lector 1
Student 8,HW6 Medium,HW7 Medium,Lector 1
Student 8,HW7 Medium,HW8 Medium,Lector 1
Student 8,HW8 Medium,HW9 Low,Lector 1
Student 8,HW9 Low,HW10 High,Lector 1
Student 9,HW1 Low,HW2 High,Lector 1
Student 9,HW2 High,HW3 Medium,Lector 1
Student 9,HW3 Medium,HW4 Low,Lector 1
Student 9,HW4 Low,HW5 High,Lector 1
Student 9,HW5 High,HW6 High,Lector 1
Student 9,HW6 High,HW7 High,Lector 1
Student 9,HW7 High,HW8 Low,Lector 1
Student 9,HW8 Low,HW9 Low,Lector 1
Student 9,HW9 Low,HW10 Medium,Lector 1
Student 10,HW1 Medium,HW2 High,Lector 1
Student 10,HW2 High,HW3 Low,Lector 1
Student 10,HW3 Low,HW4 Low,Lector 1
Student 10,HW4 Low,HW5 Medium,Lector 1
Student 10,HW5 Medium,HW6 Low,Lector 1
Student 10,HW6 Low,HW7 Medium,Lector 1
Student 10,HW7 Medium,HW8 Low,Lector 1
Student 10,HW8 Low,HW9 Medium,Lector 1
Student 10,HW9 Medium,HW10 Low,Lector 1
Student 11,HW1 High,HW2 Low,Lector 1
Student 11,HW2 Low,HW3 Medium,Lector 1
Student 11,HW3 Medium,HW4 Low,Lector 1
Student 11,HW4 Low,HW5 Low,Lector 1
Student 11,HW5 Low,HW6 Medium,Lector 1
Student 11,HW6 Medium,HW7 Low,Lector 1
Student 11,HW7 Low,HW8 Medium,Lector 1
Student 11,HW8 Medium,HW9 High,Lector 1
Student 11,HW9 High,HW10 High,Lector 1
Student 12,HW1 Low,HW2 High,Lector 1
Student 12,HW2 High,HW3 Low,Lector 1
Student 12,HW3 Low,HW4 Medium,Lector 1
Student 12,HW4 Medium,HW5 Medium,Lector 1
Student 12,HW5 Medium,HW6 Medium,Lector 1
Student 12,HW6 Medium,HW7 High,Lector 1
Student 12,HW7 High,HW8 Medium,Lector 1
Student 12,HW8 Medium,HW9 Medium,Lector 1
Student 12,HW9 Medium,HW10 High,Lector 1
Student 13,HW1 Low,HW2 High,Lector 1
Student 13,HW2 High,HW3 Low,Lector 1
Student 13,HW3 Low,HW4 Medium,Lector 1
Student 13,HW4 Medium,HW5 High,Lector 1
Student 13,HW5 High,HW6 High,Lector 1
Student 13,HW6 High,HW7 Low,Lector 1
Student 13,HW7 Low,HW8 Low,Lector 1
Student 13,HW8 Low,HW9 High,Lector 1
Student 13,HW9 High,HW10 Low,Lector 1
Student 14,HW1 Medium,HW2 High,Lector 1
Student 14,HW2 High,HW3 Low,Lector 1
Student 14,HW3 Low,HW4 Medium,Lector 1
Student 14,HW4 Medium,HW5 Low,Lector 1
Student 14,HW5 Low,HW6 Medium,Lector 1
Student 14,HW6 Medium,HW7 Low,Lector 1
Student 14,HW7 Low,HW8 Low,Lector 1
Student 14,HW8 Low,HW9 High,Lector 1
Student 14,HW9 High,HW10 Medium,Lector 1
Student 15,HW1 Medium,HW2 High,Lector 1
Student 15,HW2 High,HW3 Medium,Lector 1
Student 15,HW3 Medium,HW4 Medium,Lector 1
Student 15,HW4 Medium,HW5 Low,Lector 1
Student 15,HW5 Low,HW6 Low,Lector 1
Student 15,HW6 Low,HW7 Medium,Lector 1
Student 15,HW7 Medium,HW8 High,Lector 1
Student 15,HW8 High,HW9 Low,Lector 1
Student 15,HW9 Low,HW10 High,Lector 1
Student 16,HW1 Medium,HW2 High,Lector 1
Student 16,HW2 High,HW3 Low,Lector 1
Student 16,HW3 Low,HW4 Low,Lector 1
Student 16,HW4 Low,HW5 High,Lector 1
Student 16,HW5 High,HW6 Medium,Lector 1
Student 16,HW6 Medium,HW7 Low,Lector 1
Student 16,HW7 Low,HW8 Low,Lector 1
Student 16,HW8 Low,HW9 Low,Lector 1
Student 16,HW9 Low,HW10 Medium,Lector 1
Student 17,HW1 High,HW2 Medium,Lector 1
Student 17,HW2 Medium,HW3 Medium,Lector 1
Student 17,HW3 Medium,HW4 Low,Lector 1
Student 17,HW4 Low,HW5 High,Lector 1
Student 17,HW5 High,HW6 High,Lector 1
Student 17,HW6 High,HW7 Medium,Lector 1
Student 17,HW7 Medium,HW8 High,Lector 1
Student 17,HW8 High,HW9 High,Lector 1
Student 17,HW9 High,HW10 Low,Lector 1
Student 18,HW1 Low,HW2 Low,Lector 1
Student 18,HW2 Low,HW3 Low,Lector 1
Student 18,HW3 Low,HW4 High,Lector 1
Student 18,HW4 High,HW5 High,Lector 1
Student 18,HW5 High,HW6 Low,Lector 1
Student 18,HW6 Low,HW7 Medium,Lector 1
Student 18,HW7 Medium,HW8 Medium,Lector 1
Student 18,HW8 Medium,HW9 Medium,Lector 1
Student 18,HW9 Medium,HW10 Medium,Lector 1
Student 19,HW1 Medium,HW2 High,Lector 1
Student 19,HW2 High,HW3 Low,Lector 1
Student 19,HW3 Low,HW4 High,Lector 1
Student 19,HW4 High,HW5 High,Lector 1
Student 19,HW5 High,HW6 Medium,Lector 1
Student 19,HW6 Medium,HW7 Low,Lector 1
Student 19,HW7 Low,HW8 Medium,Lector 1
Student 19,HW8 Medium,HW9 High,Lector 1
Student 19,HW9 High,HW10 Low,Lector 1
Student 20,HW1 Medium,HW2 Low,Lector 1
Student 20,HW2 Low,HW3 Low,Lector 1
Student 20,HW3 Low,HW4 Low,Lector 1
Student 20,HW4 Low,HW5 Medium,Lector 1
Student 20,HW5 Medium,HW6 Medium,Lector 1
Student 20,HW6 Medium,HW7 Low,Lector 1
Student 20,HW7 Low,HW8 Medium,Lector 1
Student 20,HW8 Medium,HW9 Medium,Lector 1
Student 20,HW9 Medium,HW10 Low,Lector 1
Student 21,HW1 High,HW2 High,Lector 1
Student 21,HW2 High,HW3 Medium,Lector 1
Student 21,HW3 Medium,HW4 Medium,Lector 1
Student 21,HW4 Medium,HW5 Low,Lector 1
Student 21,HW5 Low,HW6 Low,Lector 1
Student 21,HW6 Low,HW7 Medium,Lector 1
Student 21,HW7 Medium,HW8 Medium,Lector 1
Student 21,HW8 Medium,HW9 Medium,Lector 1
Student 21,HW9 Medium,HW10 High,Lector 1
Student 22,HW1 Low,HW2 Low,Lector 1
Student 22,HW2 Low,HW3 Medium,Lector 1
Student 22,HW3 Medium,HW4 High,Lector 1
Student 22,HW4 High,HW5 Medium,Lector 1
Student 22,HW5 Medium,HW6 Medium,Lector 1
Student 22,HW6 Medium,HW7 Medium,Lector 1
Student 22,HW7 Medium,HW8 High,Lector 1
Student 22,HW8 High,HW9 Low,Lector 1
Student 22,HW9 Low,HW10 High,Lector 1
Student 23,HW1 High,HW2 Medium,Lector 1
Student 23,HW2 Medium,HW3 High,Lector 1
Student 23,HW3 High,HW4 Medium,Lector 1
Student 23,HW4 Medium,HW5 High,Lector 1
Student 23,HW5 High,HW6 Medium,Lector 1
Student 23,HW6 Medium,HW7 Medium,Lector 1
Student 23,HW7 Medium,HW8 Low,Lector 1
Student 23,HW8 Low,HW9 Low,Lector 1
Student 23,HW9 Low,HW10 Low,Lector 1
Student 24,HW1 High,HW2 High,Lector 1
Student 24,HW2 High,HW3 Low,Lector 1
Student 24,HW3 Low,HW4 Low,Lector 1
Student 24,HW4 Low,HW5 Medium,Lector 1
Student 24,HW5 Medium,HW6 Medium,Lector 1
Student 24,HW6 Medium,HW7 High,Lector 1
Student 24,HW7 High,HW8 Low,Lector 1
Student 24,HW8 Low,HW9 Low,Lector 1
Student 24,HW9 Low,HW10 Medium,Lector 1
Student 25,HW1 Medium,HW2 High,Lector 1
Student 25,HW2 High,HW3 Low,Lector 1
Student 25,HW3 Low,HW4 Low,Lector 1
Student 25,HW4 Low,HW5 High,Lector 1
Student 25,HW5 High,HW6 High,Lector 1
Student 25,HW6 High,HW7 Low,Lector 1
Student 25,HW7 Low,HW8 High,Lector 1
Student 25,HW8 High,HW9 Medium,Lector 1
Student 25,HW9 Medium,HW10 Low,Lector 1
Student 26,HW1 High,HW2 Medium,Lector 1
Student 26,HW2 Medium,HW3 Medium,Lector 1
Student 26,HW3 Medium,HW4 High,Lector 1
Student 26,HW4 High,HW5 Medium,Lector 1
Student 26,HW5 Medium,HW6 Low,Lector 1
Student 26,HW6 Low,HW7 Low,Lector 1
Student 26,HW7 Low,HW8 Low,Lector 1
Student 26,HW8 Low,HW9 Low,Lector 1
Student 26,HW9 Low,HW10 High,Lector 1
Student 27,HW1 Low,HW2 Low,Lector 1
Student 27,HW2 Low,HW3 Low,Lector 1
Student 27,HW3 Low,HW4 Low,Lector 1
Student 27,HW4 Low,HW5 High,Lector 1
Student 27,HW5 High,HW6 Low,Lector 1
Student 27,HW6 Low,HW7 High,Lector 1
Student 27,HW7 High,HW8 Low,Lector 1
Student 27,HW8 Low,HW9 High,Lector 1
Student 27,HW9 High,HW10 High,Lector 1
Student 28,HW1 High,HW2 Low,Lector 1
Student 28,HW2 Low,HW3 Medium,Lector 1
Student 28,HW3 Medium,HW4 High,Lector 1
Student 28,HW4 High,HW5 Medium,Lector 1
Student 28,HW5 Medium,HW6 High,Lector 1
Student 28,HW6 High,HW7 Low,Lector 1
Student 28,HW7 Low,HW8 Low,Lector 1
Student 28,HW8 Low,HW9 High,Lector 1
Student 28,HW9 High,HW10 Low,Lector 1
Student 29,HW1 Medium,HW2 Low,Lector 1
Student 29,HW2 Low,HW3 Medium,Lector 1
Student 29,HW3 Medium,HW4 Medium,Lector 1
Student 29,HW4 Medium,HW5 Medium,Lector 1
Student 29,HW5 Medium,HW6 Medium,Lector 1
Student 29,HW6 Medium,HW7 Low,Lector 1
Student 29,HW7 Low,HW8 Medium,Lector 1
Student 29,HW8 Medium,HW9 Medium,Lector 1
Student 29,HW9 Medium,HW10 Medium,Lector 1
Student 30,HW1 Medium,HW2 High,Lector 1
Student 30,HW2 High,HW3 High,Lector 1
Student 30,HW3 High,HW4 High,Lector 1
Student 30,HW4 High,HW5 Medium,Lector 1
Student 30,HW5 Medium,HW6 High,Lector 1
Student 30,HW6 High,HW7 Low,Lector 1
Student 30,HW7 Low,HW8 High,Lector 1
Student 30,HW8 High,HW9 Low,Lector 1
Student 30,HW9 Low,HW10 High,Lector 1
Student 31,HW1 Low,HW2 Medium,Lector 2
Student 31,HW2 Medium,HW3 High,Lector 2
Student 31,HW3 High,HW4 High,Lector 2
Student 31,HW4 High,HW5 Medium,Lector 2
Student 31,HW5 Medium,HW6 Low,Lector 2
Student 31,HW6 Low,HW7 High,Lector 2
Student 31,HW7 High,HW8 Medium,Lector 2
Student 31,HW8 Medium,HW9 High,Lector 2
Student 31,HW9 High,HW10 High,Lector 2
Student 32,HW1 High,HW2 Low,Lector 2
Student 32,HW2 Low,HW3 Medium,Lector 2
Student 32,HW3 Medium,HW4 Low,Lector 2
Student 32,HW4 Low,HW5 Low,Lector 2
Student 32,HW5 Low,HW6 Medium,Lector 2
Student 32,HW6 Medium,HW7 Medium,Lector 2
Student 32,HW7 Medium,HW8 Low,Lector 2
Student 32,HW8 Low,HW9 Medium,Lector 2
Student 32,HW9 Medium,HW10 Medium,Lector 2
Student 33,HW1 Medium,HW2 Low,Lector 2
Student 33,HW2 Low,HW3 Medium,Lector 2
Student 33,HW3 Medium,HW4 High,Lector 2
Student 33,HW4 High,HW5 High,Lector 2
Student 33,HW5 High,HW6 Low,Lector 2
Student 33,HW6 Low,HW7 High,Lector 2
Student 33,HW7 High,HW8 Medium,Lector 2
Student 33,HW8 Medium,HW9 High,Lector 2
Student 33,HW9 High,HW10 Medium,Lector 2
Student 34,HW1 Medium,HW2 Medium,Lector 2
Student 34,HW2 Medium,HW3 High,Lector 2
Student 34,HW3 High,HW4 Low,Lector 2
Student 34,HW4 Low,HW5 Medium,Lector 2
Student 34,HW5 Medium,HW6 High,Lector 2
Student 34,HW6 High,HW7 Medium,Lector 2
Student 34,HW7 Medium,HW8 High,Lector 2
Student 34,HW8 High,HW9 Medium,Lector 2
Student 34,HW9 Medium,HW10 High,Lector 2
Student 35,HW1 Low,HW2 High,Lector 2
Student 35,HW2 High,HW3 High,Lector 2
Student 35,HW3 High,HW4 Medium,Lector 2
Student 35,HW4 Medium,HW5 High,Lector 2
Student 35,HW5 High,HW6 Low,Lector 2
Student 35,HW6 Low,HW7 High,Lector 2
Student 35,HW7 High,HW8 Medium,Lector 2
Student 35,HW8 Medium,HW9 Low,Lector 2
Student 35,HW9 Low,HW10 High,Lector 2
Student 36,HW1 Low,HW2 Low,Lector 2
Student 36,HW2 Low,HW3 Low,Lector 2
Student 36,HW3 Low,HW4 Medium,Lector 2
Student 36,HW4 Medium,HW5 High,Lector 2
Student 36,HW5 High,HW6 Low,Lector 2
Student 36,HW6 Low,HW7 Medium,Lector 2
Student 36,HW7 Medium,HW8 Medium,Lector 2
Student 36,HW8 Medium,HW9 Medium,Lector 2
Student 36,HW9 Medium,HW10 Low,Lector 2
Student 37,HW1 Medium,HW2 Low,Lector 2
Student 37,HW2 Low,HW3 Medium,Lector 2
Student 37,HW3 Medium,HW4 High,Lector 2
Student 37,HW4 High,HW5 High,Lector 2
Student 37,HW5 High,HW6 High,Lector 2
Student 37,HW6 High,HW7 High,Lector 2
Student 37,HW7 High,HW8 High,Lector 2
Student 37,HW8 High,HW9 High,Lector 2
Student 37,HW9 High,HW10 Low,Lector 2
Student 38,HW1 Low,HW2 High,Lector 2
Student 38,HW2 High,HW3 High,Lector 2
Student 38,HW3 High,HW4 Medium,Lector 2
Student 38,HW4 Medium,HW5 Low,Lector 2
Student 38,HW5 Low,HW6 High,Lector 2
Student 38,HW6 High,HW7 Medium,Lector 2
Student 38,HW7 Medium,HW8 Medium,Lector 2
Student 38,HW8 Medium,HW9 Low,Lector 2
Student 38,HW9 Low,HW10 Low,Lector 2
Student 39,HW1 High,HW2 Medium,Lector 2
Student 39,HW2 Medium,HW3 Low,Lector 2
Student 39,HW3 Low,HW4 Medium,Lector 2
Student 39,HW4 Medium,HW5 Medium,Lector 2
Student 39,HW5 Medium,HW6 High,Lector 2
Student 39,HW6 High,HW7 Low,Lector 2
Student 39,HW7 Low,HW8 High,Lector 2
Student 39,HW8 High,HW9 Medium,Lector 2
Student 39,HW9 Medium,HW10 Low,Lector 2
Student 40,HW1 Medium,HW2 Low,Lector 2
Student 40,HW2 Low,HW3 Low,Lector 2
Student 40,HW3 Low,HW4 Low,Lector 2
Student 40,HW4 Low,HW5 Low,Lector 2
Student 40,HW5 Low,HW6 Low,Lector 2
Student 40,HW6 Low,HW7 High,Lector 2
Student 40,HW7 High,HW8 Low,Lector 2
Student 40,HW8 Low,HW9 Medium,Lector 2
Student 40,HW9 Medium,HW10 High,Lector 2
Student 41,HW1 Medium,HW2 Medium,Lector 2
Student 41,HW2 Medium,HW3 High,Lector 2
Student 41,HW3 High,HW4 Medium,Lector 2
Student 41,HW4 Medium,HW5 High,Lector 2
Student 41,HW5 High,HW6 Low,Lector 2
Student 41,HW6 Low,HW7 High,Lector 2
Student 41,HW7 High,HW8 Low,Lector 2
Student 41,HW8 Low,HW9 High,Lector 2
Student 41,HW9 High,HW10 High,Lector 2
Student 42,HW1 Low,HW2 Medium,Lector 2
Student 42,HW2 Medium,HW3 Medium,Lector 2
Student 42,HW3 Medium,HW4 Low,Lector 2
Student 42,HW4 Low,HW5 Low,Lector 2
Student 42,HW5 Low,HW6 Low,Lector 2
Student 42,HW6 Low,HW7 Low,Lector 2
Student 42,HW7 Low,HW8 High,Lector 2
Student 42,HW8 High,HW9 Low,Lector 2
Student 42,HW9 Low,HW10 Low,Lector 2
Student 43,HW1 Low,HW2 Low,Lector 2
Student 43,HW2 Low,HW3 Medium,Lector 2
Student 43,HW3 Medium,HW4 High,Lector 2
Student 43,HW4 High,HW5 Low,Lector 2
Student 43,HW5 Low,HW6 High,Lector 2
Student 43,HW6 High,HW7 High,Lector 2
Student 43,HW7 High,HW8 Medium,Lector 2
Student 43,HW8 Medium,HW9 Low,Lector 2
Student 43,HW9 Low,HW10 High,Lector 2
Student 44,HW1 Low,HW2 High,Lector 2
Student 44,HW2 High,HW3 Low,Lector 2
Student 44,HW3 Low,HW4 Low,Lector 2
Student 44,HW4 Low,HW5 High,Lector 2
Student 44,HW5 High,HW6 Low,Lector 2
Student 44,HW6 Low,HW7 Low,Lector 2
Student 44,HW7 Low,HW8 Low,Lector 2
Student 44,HW8 Low,HW9 High,Lector 2
Student 44,HW9 High,HW10 Medium,Lector 2
Student 45,HW1 Medium,HW2 Medium,Lector 2
Student 45,HW2 Medium,HW3 Low,Lector 2
Student 45,HW3 Low,HW4 Low,Lector 2
Student 45,HW4 Low,HW5 Low,Lector 2
Student 45,HW5 Low,HW6 Medium,Lector 2
Student 45,HW6 Medium,HW7 High,Lector 2
Student 45,HW7 High,HW8 High,Lector 2
Student 45,HW8 High,HW9 Low,Lector 2
Student 45,HW9 Low,HW10 Medium,Lector 2
Student 46,HW1 High,HW2 High,Lector 2
Student 46,HW2 High,HW3 High,Lector 2
Student 46,HW3 High,HW4 Low,Lector 2
Student 46,HW4 Low,HW5 Medium,Lector 2
Student 46,HW5 Medium,HW6 Low,Lector 2
Student 46,HW6 Low,HW7 Low,Lector 2
Student 46,HW7 Low,HW8 Medium,Lector 2
Student 46,HW8 Medium,HW9 Medium,Lector 2
Student 46,HW9 Medium,HW10 Low,Lector 2
Student 47,HW1 Low,HW2 Low,Lector 2
Student 47,HW2 Low,HW3 Low,Lector 2
Student 47,HW3 Low,HW4 Medium,Lector 2
Student 47,HW4 Medium,HW5 Medium,Lector 2
Student 47,HW5 Medium,HW6 Low,Lector 2
Student 47,HW6 Low,HW7 High,Lector 2
Student 47,HW7 High,HW8 Medium,Lector 2
Student 47,HW8 Medium,HW9 Medium,Lector 2
Student 47,HW9 Medium,HW10 Low,Lector 2
Student 48,HW1 Medium,HW2 Medium,Lector 2
Student 48,HW2 Medium,HW3 Medium,Lector 2
Student 48,HW3 Medium,HW4 Low,Lector 2
Student 48,HW4 Low,HW5 High,Lector 2
Student 48,HW5 High,HW6 High,Lector 2
Student 48,HW6 High,HW7 High,Lector 2
Student 48,HW7 High,HW8 High,Lector 2
Student 48,HW8 High,HW9 High,Lector 2
Student 48,HW9 High,HW10 Medium,Lector 2
Student 49,HW1 High,HW2 Medium,Lector 2
Student 49,HW2 Medium,HW3 Low,Lector 2
Student 49,HW3 Low,HW4 Medium,Lector 2
Student 49,HW4 Medium,HW5 High,Lector 2
Student 49,HW5 High,HW6 High,Lector 2
Student 49,HW6 High,HW7 High,Lector 2
Student 49,HW7 High,HW8 High,Lector 2
Student 49,HW8 High,HW9 Medium,Lector 2
Student 49,HW9 Medium,HW10 Medium,Lector 2
Student 50,HW1 High,HW2 Low,Lector 2
Student 50,HW2 Low,HW3 Medium,Lector 2
Student 50,HW3 Medium,HW4 Medium,Lector 2
Student 50,HW4 Medium,HW5 Low,Lector 2
Student 50,HW5 Low,HW6 Low,Lector 2
Student 50,HW6 Low,HW7 Medium,Lector 2
Student 50,HW7 Medium,HW8 High,Lector 2
Student 50,HW8 High,HW9 Low,Lector 2
Student 50,HW9 Low,HW10 Medium,Lector 2
Student 51,HW1 Medium,HW2 Low,Lector 2
Student 51,HW2 Low,HW3 Low,Lector 2
Student 51,HW3 Low,HW4 Medium,Lector 2
Student 51,HW4 Medium,HW5 Low,Lector 2
Student 51,HW5 Low,HW6 High,Lector 2
Student 51,HW6 High,HW7 Low,Lector 2
Student 51,HW7 Low,HW8 Medium,Lector 2
Student 51,HW8 Medium,HW9 Medium,Lector 2
Student 51,HW9 Medium,HW10 Low,Lector 2
Student 52,HW1 High,HW2 Low,Lector 2
Student 52,HW2 Low,HW3 Low,Lector 2
Student 52,HW3 Low,HW4 High,Lector 2
Student 52,HW4 High,HW5 Medium,Lector 2
Student 52,HW5 Medium,HW6 Medium,Lector 2
Student 52,HW6 Medium,HW7 High,Lector 2
Student 52,HW7 High,HW8 Low,Lector 2
Student 52,HW8 Low,HW9 Medium,Lector 2
Student 52,HW9 Medium,HW10 Low,Lector 2
Student 53,HW1 Medium,HW2 Medium,Lector 2
Student 53,HW2 Medium,HW3 Low,Lector 2
Student 53,HW3 Low,HW4 Low,Lector 2
Student 53,HW4 Low,HW5 High,Lector 2
Student 53,HW5 High,HW6 High,Lector 2
Student 53,HW6 High,HW7 Medium,Lector 2
Student 53,HW7 Medium,HW8 Medium,Lector 2
Student 53,HW8 Medium,HW9 High,Lector 2
Student 53,HW9 High,HW10 High,Lector 2
Student 54,HW1 Low,HW2 Low,Lector 2
Student 54,HW2 Low,HW3 Medium,Lector 2
Student 54,HW3 Medium,HW4 Low,Lector 2
Student 54,HW4 Low,HW5 Low,Lector 2
Student 54,HW5 Low,HW6 Low,Lector 2
Student 54,HW6 Low,HW7 Medium,Lector 2
Student 54,HW7 Medium,HW8 High,Lector 2
Student 54,HW8 High,HW9 Medium,Lector 2
Student 54,HW9 Medium,HW10 Medium,Lector 2
Student 55,HW1 High,HW2 Medium,Lector 2
Student 55,HW2 Medium,HW3 Low,Lector 2
Student 55,HW3 Low,HW4 Low,Lector 2
Student 55,HW4 Low,HW5 Medium,Lector 2
Student 55,HW5 Medium,HW6 Medium,Lector 2
Student 55,HW6 Medium,HW7 High,Lector 2
Student 55,HW7 High,HW8 Medium,Lector 2
Student 55,HW8 Medium,HW9 High,Lector 2
Student 55,HW9 High,HW10 High,Lector 2
Student 56,HW1 Low,HW2 Medium,Lector 2
Student 56,HW2 Medium,HW3 High,Lector 2
Student 56,HW3 High,HW4 Low,Lector 2
Student 56,HW4 Low,HW5 Low,Lector 2
Student 56,HW5 Low,HW6 Low,Lector 2
Student 56,HW6 Low,HW7 Medium,Lector 2
Student 56,HW7 Medium,HW8 High,Lector 2
Student 56,HW8 High,HW9 Low,Lector 2
Student 56,HW9 Low,HW10 Medium,Lector 2
Student 57,HW1 Low,HW2 Medium,Lector 2
Student 57,HW2 Medium,HW3 Medium,Lector 2
Student 57,HW3 Medium,HW4 Low,Lector 2
Student 57,HW4 Low,HW5 Low,Lector 2
Student 57,HW5 Low,HW6 Low,Lector 2
Student 57,HW6 Low,HW7 High,Lector 2
Student 57,HW7 High,HW8 High,Lector 2
Student 57,HW8 High,HW9 Medium,Lector 2
Student 57,HW9 Medium,HW10 Low,Lector 2
Student 58,HW1 Medium,HW2 Low,Lector 2
Student 58,HW2 Low,HW3 Medium,Lector 2
Student 58,HW3 Medium,HW4 Medium,Lector 2
Student 58,HW4 Medium,HW5 High,Lector 2
Student 58,HW5 High,HW6 Low,Lector 2
Student 58,HW6 Low,HW7 High,Lector 2
Student 58,HW7 High,HW8 High,Lector 2
Student 58,HW8 High,HW9 High,Lector 2
Student 58,HW9 High,HW10 Low,Lector 2
Student 59,HW1 Medium,HW2 Low,Lector 2
Student 59,HW2 Low,HW3 Low,Lector 2
Student 59,HW3 Low,HW4 Medium,Lector 2
Student 59,HW4 Medium,HW5 Medium,Lector 2
Student 59,HW5 Medium,HW6 High,Lector 2
Student 59,HW6 High,HW7 High,Lector 2
Student 59,HW7 High,HW8 Medium,Lector 2
Student 59,HW8 Medium,HW9 Low,Lector 2
Student 59,HW9 Low,HW10 Low,Lector 2
Student 60,HW1 High,HW2 Medium,Lector 2
Student 60,HW2 Medium,HW3 Low,Lector 2
Student 60,HW3 Low,HW4 Low,Lector 2
Student 60,HW4 Low,HW5 Medium,Lector 2
Student 60,HW5 Medium,HW6 Low,Lector 2
Student 60,HW6 Low,HW7 Low,Lector 2
Student 60,HW7 Low,HW8 Medium,Lector 2
Student 60,HW8 Medium,HW9 Low,Lector 2
Student 60,HW9 Low,HW10 Medium,Lector 2
Student 61,HW1 High,HW2 Medium,Lector 3
Student 61,HW2 Medium,HW3 High,Lector 3
Student 61,HW3 High,HW4 High,Lector 3
Student 61,HW4 High,HW5 High,Lector 3
Student 61,HW5 High,HW6 High,Lector 3
Student 61,HW6 High,HW7 High,Lector 3
Student 61,HW7 High,HW8 Low,Lector 3
Student 61,HW8 Low,HW9 High,Lector 3
Student 61,HW9 High,HW10 Low,Lector 3
Student 62,HW1 Medium,HW2 Low,Lector 3
Student 62,HW2 Low,HW3 Low,Lector 3
Student 62,HW3 Low,HW4 Low,Lector 3
Student 62,HW4 Low,HW5 Medium,Lector 3
Student 62,HW5 Medium,HW6 High,Lector 3
Student 62,HW6 High,HW7 Low,Lector 3
Student 62,HW7 Low,HW8 Medium,Lector 3
Student 62,HW8 Medium,HW9 Low,Lector 3
Student 62,HW9 Low,HW10 Medium,Lector 3
Student 63,HW1 High,HW2 High,Lector 3
Student 63,HW2 High,HW3 Low,Lector 3
Student 63,HW3 Low,HW4 Medium,Lector 3
Student 63,HW4 Medium,HW5 Low,Lector 3
Student 63,HW5 Low,HW6 Medium,Lector 3
Student 63,HW6 Medium,HW7 Low,Lector 3
Student 63,HW7 Low,HW8 Medium,Lector 3
Student 63,HW8 Medium,HW9 High,Lector 3
Student 63,HW9 High,HW10 Low,Lector 3
Student 64,HW1 Medium,HW2 High,Lector 3
Student 64,HW2 High,HW3 High,Lector 3
Student 64,HW3 High,HW4 Low,Lector 3
Student 64,HW4 Low,HW5 Low,Lector 3
Student 64,HW5 Low,HW6 Medium,Lector 3
Student 64,HW6 Medium,HW7 Low,Lector 3
Student 64,HW7 Low,HW8 High,Lector 3
Student 64,HW8 High,HW9 High,Lector 3
Student 64,HW9 High,HW10 High,Lector 3
Student 65,HW1 Low,HW2 High,Lector 3
Student 65,HW2 High,HW3 Medium,Lector 3
Student 65,HW3 Medium,HW4 High,Lector 3
Student 65,HW4 High,HW5 High,Lector 3
Student 65,HW5 High,HW6 High,Lector 3
Student 65,HW6 High,HW7 Medium,Lector 3
Student 65,HW7 Medium,HW8 High,Lector 3
Student 65,HW8 High,HW9 Medium,Lector 3
Student 65,HW9 Medium,HW10 Medium,Lector 3
Student 66,HW1 Medium,HW2 Low,Lector 3
Student 66,HW2 Low,HW3 High,Lector 3
Student 66,HW3 High,HW4 Low,Lector 3
Student 66,HW4 Low,HW5 Medium,Lector 3
Student 66,HW5 Medium,HW6 Medium,Lector 3
Student 66,HW6 Medium,HW7 High,Lector 3
Student 66,HW7 High,HW8 High,Lector 3
Student 66,HW8 High,HW9 Low,Lector 3
Student 66,HW9 Low,HW10 High,Lector 3
Student 67,HW1 Medium,HW2 Low,Lector 3
Student 67,HW2 Low,HW3 Medium,Lector 3
Student 67,HW3 Medium,HW4 Low,Lector 3
Student 67,HW4 Low,HW5 Low,Lector 3
Student 67,HW5 Low,HW6 Low,Lector 3
Student 67,HW6 Low,HW7 Low,Lector 3
Student 67,HW7 Low,HW8 Low,Lector 3
Student 67,HW8 Low,HW9 Medium,Lector 3
Student 67,HW9 Medium,HW10 Low,Lector 3
Student 68,HW1 High,HW2 Medium,Lector 3
Student 68,HW2 Medium,HW3 High,Lector 3
Student 68,HW3 High,HW4 Medium,Lector 3
Student 68,HW4 Medium,HW5 Medium,Lector 3
Student 68,HW5 Medium,HW6 Medium,Lector 3
Student 68,HW6 Medium,HW7 Low,Lector 3
Student 68,HW7 Low,HW8 Medium,Lector 3
Student 68,HW8 Medium,HW9 High,Lector 3
Student 68,HW9 High,HW10 Low,Lector 3
Student 69,HW1 Medium,HW2 Medium,Lector 3
Student 69,HW2 Medium,HW3 Low,Lector 3
Student 69,HW3 Low,HW4 High,Lector 3
Student 69,HW4 High,HW5 High,Lector 3
Student 69,HW5 High,HW6 Low,Lector 3
Student 69,HW6 Low,HW7 Medium,Lector 3
Student 69,HW7 Medium,HW8 High,Lector 3
Student 69,HW8 High,HW9 High,Lector 3
Student 69,HW9 High,HW10 Medium,Lector 3
Student 70,HW1 High,HW2 Medium,Lector 3
Student 70,HW2 Medium,HW3 Medium,Lector 3
Student 70,HW3 Medium,HW4 Low,Lector 3
Student 70,HW4 Low,HW5 Medium,Lector 3
Student 70,HW5 Medium,HW6 High,Lector 3
Student 70,HW6 High,HW7 Low,Lector 3
Student 70,HW7 Low,HW8 Medium,Lector 3
Student 70,HW8 Medium,HW9 Medium,Lector 3
Student 70,HW9 Medium,HW10 Low,Lector 3
Student 71,HW1 Low,HW2 Medium,Lector 3
Student 71,HW2 Medium,HW3 Low,Lector 3
Student 71,HW3 Low,HW4 Medium,Lector 3
Student 71,HW4 Medium,HW5 Low,Lector 3
Student 71,HW5 Low,HW6 High,Lector 3
Student 71,HW6 High,HW7 Low,Lector 3
Student 71,HW7 Low,HW8 Low,Lector 3
Student 71,HW8 Low,HW9 High,Lector 3
Student 71,HW9 High,HW10 Medium,Lector 3
Student 72,HW1 Low,HW2 Low,Lector 3
Student 72,HW2 Low,HW3 Low,Lector 3
Student 72,HW3 Low,HW4 Low,Lector 3
Student 72,HW4 Low,HW5 Low,Lector 3
Student 72,HW5 Low,HW6 High,Lector 3
Student 72,HW6 High,HW7 High,Lector 3
Student 72,HW7 High,HW8 Medium,Lector 3
Student 72,HW8 Medium,HW9 Medium,Lector 3
Student 72,HW9 Medium,HW10 Medium,Lector 3
Student 73,HW1 High,HW2 Medium,Lector 3
Student 73,HW2 Medium,HW3 Low,Lector 3
Student 73,HW3 Low,HW4 High,Lector 3
Student 73,HW4 High,HW5 High,Lector 3
Student 73,HW5 High,HW6 High,Lector 3
Student 73,HW6 High,HW7 Low,Lector 3
Student 73,HW7 Low,HW8 Low,Lector 3
Student 73,HW8 Low,HW9 Medium,Lector 3
Student 73,HW9 Medium,HW10 Medium,Lector 3
Student 74,HW1 Low,HW2 Medium,Lector 3
Student 74,HW2 Medium,HW3 Low,Lector 3
Student 74,HW3 Low,HW4 High,Lector 3
Student 74,HW4 High,HW5 High,Lector 3
Student 74,HW5 High,HW6 Low,Lector 3
Student 74,HW6 Low,HW7 Low,Lector 3
Student 74,HW7 Low,HW8 Low,Lector 3
Student 74,HW8 Low,HW9 Low,Lector 3
Student 74,HW9 Low,HW10 Low,Lector 3
Student 75,HW1 Medium,HW2 Medium,Lector 3
Student 75,HW2 Medium,HW3 Medium,Lector 3
Student 75,HW3 Medium,HW4 High,Lector 3
Student 75,HW4 High,HW5 Low,Lector 3
Student 75,HW5 Low,HW6 High,Lector 3
Student 75,HW6 High,HW7 Medium,Lector 3
Student 75,HW7 Medium,HW8 Low,Lector 3
Student 75,HW8 Low,HW9 Medium,Lector 3
Student 75,HW9 Medium,HW10 High,Lector 3
Student 76,HW1 High,HW2 High,Lector 3
Student 76,HW2 High,HW3 Low,Lector 3
Student 76,HW3 Low,HW4 Low,Lector 3
Student 76,HW4 Low,HW5 High,Lector 3
Student 76,HW5 High,HW6 High,Lector 3
Student 76,HW6 High,HW7 Medium,Lector 3
Student 76,HW7 Medium,HW8 Medium,Lector 3
Student 76,HW8 Medium,HW9 High,Lector 3
Student 76,HW9 High,HW10 Medium,Lector 3
Student 77,HW1 Low,HW2 Low,Lector 3
Student 77,HW2 Low,HW3 Low,Lector 3
Student 77,HW3 Low,HW4 Medium,Lector 3
Student 77,HW4 Medium,HW5 Medium,Lector 3
Student 77,HW5 Medium,HW6 High,Lector 3
Student 77,HW6 High,HW7 High,Lector 3
Student 77,HW7 High,HW8 High,Lector 3
Student 77,HW8 High,HW9 Medium,Lector 3
Student 77,HW9 Medium,HW10 Low,Lector 3
Student 78,HW1 Low,HW2 Medium,Lector 3
Student 78,HW2 Medium,HW3 High,Lector 3
Student 78,HW3 High,HW4 Medium,Lector 3
Student 78,HW4 Medium,HW5 High,Lector 3
Student 78,HW5 High,HW6 Low,Lector 3
Student 78,HW6 Low,HW7 Medium,Lector 3
Student 78,HW7 Medium,HW8 Low,Lector 3
Student 78,HW8 Low,HW9 Medium,Lector 3
Student 78,HW9 Medium,HW10 Low,Lector 3
Student 79,HW1 Low,HW2 Low,Lector 3
Student 79,HW2 Low,HW3 Low,Lector 3
Student 79,HW3 Low,HW4 High,Lector 3
Student 79,HW4 High,HW5 Medium,Lector 3
Student 79,HW5 Medium,HW6 Low,Lector 3
Student 79,HW6 Low,HW7 High,Lector 3
Student 79,HW7 High,HW8 Low,Lector 3
Student 79,HW8 Low,HW9 Low,Lector 3
Student 79,HW9 Low,HW10 High,Lector 3
Student 80,HW1 Medium,HW2 Low,Lector 3
Student 80,HW2 Low,HW3 Low,Lector 3
Student 80,HW3 Low,HW4 Medium,Lector 3
Student 80,HW4 Medium,HW5 Low,Lector 3
Student 80,HW5 Low,HW6 Medium,Lector 3
Student 80,HW6 Medium,HW7 High,Lector 3
Student 80,HW7 High,HW8 High,Lector 3
Student 80,HW8 High,HW9 Medium,Lector 3
Student 80,HW9 Medium,HW10 Low,Lector 3
Student 81,HW1 Medium,HW2 Low,Lector 3
Student 81,HW2 Low,HW3 Low,Lector 3
Student 81,HW3 Low,HW4 Medium,Lector 3
Student 81,HW4 Medium,HW5 Medium,Lector 3
Student 81,HW5 Medium,HW6 Low,Lector 3
Student 81,HW6 Low,HW7 Medium,Lector 3
Student 81,HW7 Medium,HW8 Medium,Lector 3
Student 81,HW8 Medium,HW9 Low,Lector 3
Student 81,HW9 Low,HW10 High,Lector 3
Student 82,HW1 Low,HW2 High,Lector 3
Student 82,HW2 High,HW3 Medium,Lector 3
Student 82,HW3 Medium,HW4 High,Lector 3
Student 82,HW4 High,HW5 Low,Lector 3
Student 82,HW5 Low,HW6 Medium,Lector 3
Student 82,HW6 Medium,HW7 Low,Lector 3
Student 82,HW7 Low,HW8 High,Lector 3
Student 82,HW8 High,HW9 Low,Lector 3
Student 82,HW9 Low,HW10 Low,Lector 3
Student 83,HW1 Low,HW2 High,Lector 3
Student 83,HW2 High,HW3 Medium,Lector 3
Student 83,HW3 Medium,HW4 Medium,Lector 3
Student 83,HW4 Medium,HW5 Low,Lector 3
Student 83,HW5 Low,HW6 Low,Lector 3
Student 83,HW6 Low,HW7 Low,Lector 3
Student 83,HW7 Low,HW8 Medium,Lector 3
Student 83,HW8 Medium,HW9 Medium,Lector 3
Student 83,HW9 Medium,HW10 Low,Lector 3
Student 84,HW1 High,HW2 Medium,Lector 3
Student 84,HW2 Medium,HW3 Medium,Lector 3
Student 84,HW3 Medium,HW4 Medium,Lector 3
Student 84,HW4 Medium,HW5 Medium,Lector 3
Student 84,HW5 Medium,HW6 Low,Lector 3
Student 84,HW6 Low,HW7 Medium,Lector 3
Student 84,HW7 Medium,HW8 Medium,Lector 3
Student 84,HW8 Medium,HW9 Medium,Lector 3
Student 84,HW9 Medium,HW10 High,Lector 3
Student 85,HW1 Medium,HW2 High,Lector 3
Student 85,HW2 High,HW3 High,Lector 3
Student 85,HW3 High,HW4 Low,Lector 3
Student 85,HW4 Low,HW5 Low,Lector 3
Student 85,HW5 Low,HW6 Low,Lector 3
Student 85,HW6 Low,HW7 Low,Lector 3
Student 85,HW7 Low,HW8 Low,Lector 3
Student 85,HW8 Low,HW9 Medium,Lector 3
Student 85,HW9 Medium,HW10 Low,Lector 3
Student 86,HW1 High,HW2 Low,Lector 3
Student 86,HW2 Low,HW3 High,Lector 3
Student 86,HW3 High,HW4 Low,Lector 3
Student 86,HW4 Low,HW5 Low,Lector 3
Student 86,HW5 Low,HW6 Medium,Lector 3
Student 86,HW6 Medium,HW7 Medium,Lector 3
Student 86,HW7 Medium,HW8 Low,Lector 3
Student 86,HW8 Low,HW9 Low,Lector 3
Student 86,HW9 Low,HW10 Low,Lector 3
Student 87,HW1 High,HW2 High,Lector 3
Student 87,HW2 High,HW3 High,Lector 3
Student 87,HW3 High,HW4 Low,Lector 3
Student 87,HW4 Low,HW5 Low,Lector 3
Student 87,HW5 Low,HW6 Low,Lector 3
Student 87,HW6 Low,HW7 High,Lector 3
Student 87,HW7 High,HW8 High,Lector 3
Student 87,HW8 High,HW9 High,Lector 3
Student 87,HW9 High,HW10 Low,Lector 3
Student 88,HW1 High,HW2 High,Lector 3
Student 88,HW2 High,HW3 High,Lector 3
Student 88,HW3 High,HW4 Medium,Lector 3
Student 88,HW4 Medium,HW5 High,Lector 3
Student 88,HW5 High,HW6 High,Lector 3
Student 88,HW6 High,HW7 High,Lector 3
Student 88,HW7 High,HW8 High,Lector 3
Student 88,HW8 High,HW9 Low,Lector 3
Student 88,HW9 Low,HW10 Low,Lector 3
Student 89,HW1 Low,HW2 Medium,Lector 3
Student 89,HW2 Medium,HW3 Medium,Lector 3
Student 89,HW3 Medium,HW4 Low,Lector 3
Student 89,HW4 Low,HW5 High,Lector 3
Student 89,HW5 High,HW6 High,Lector 3
Student 89,HW6 High,HW7 Low,Lector 3
Student 89,HW7 Low,HW8 Low,Lector 3
Student 89,HW8 Low,HW9 Low,Lector 3
Student 89,HW9 Low,HW10 Low,Lector 3
Student 90,HW1 Low,HW2 High,Lector 3
Student 90,HW2 High,HW3 High,Lector 3
Student 90,HW3 High,HW4 High,Lector 3
Student 90,HW4 High,HW5 High,Lector 3
Student 90,HW5 High,HW6 Medium,Lector 3
Student 90,HW6 Medium,HW7 Medium,Lector 3
Student 90,HW7 Medium,HW8 Medium,Lector 3
Student 90,HW8 Medium,HW9 Medium,Lector 3
Student 90,HW9 Medium,HW10 Low,Lector 3
Student 91,HW1 Medium,HW2 High,Lector 4
Student 91,HW2 High,HW3 High,Lector 4
Student 91,HW3 High,HW4 Low,Lector 4
Student 91,HW4 Low,HW5 Low,Lector 4
Student 91,HW5 Low,HW6 Low,Lector 4
Student 91,HW6 Low,HW7 Medium,Lector 4
Student 91,HW7 Medium,HW8 High,Lector 4
Student 91,HW8 High,HW9 Medium,Lector 4
Student 91,HW9 Medium,HW10 Low,Lector 4
Student 92,HW1 Medium,HW2 High,Lector 4
Student 92,HW2 High,HW3 Low,Lector 4
Student 92,HW3 Low,HW4 High,Lector 4
Student 92,HW4 High,HW5 Low,Lector 4
Student 92,HW5 Low,HW6 High,Lector 4
Student 92,HW6 High,HW7 Low,Lector 4
Student 92,HW7 Low,HW8 Medium,Lector 4
Student 92,HW8 Medium,HW9 High,Lector 4
Student 92,HW9 High,HW10 Low,Lector 4
Student 93,HW1 Low,HW2 High,Lector 4
Student 93,HW2 High,HW3 High,Lector 4
Student 93,HW3 High,HW4 Medium,Lector 4
Student 93,HW4 Medium,HW5 Medium,Lector 4
Student 93,HW5 Medium,HW6 Medium,Lector 4
Student 93,HW6 Medium,HW7 High,Lector 4
Student 93,HW7 High,HW8 High,Lector 4
Student 93,HW8 High,HW9 Medium,Lector 4
Student 93,HW9 Medium,HW10 Medium,Lector 4
Student 94,HW1 Low,HW2 Low,Lector 4
Student 94,HW2 Low,HW3 Medium,Lector 4
Student 94,HW3 Medium,HW4 High,Lector 4
Student 94,HW4 High,HW5 High,Lector 4
Student 94,HW5 High,HW6 Medium,Lector 4
Student 94,HW6 Medium,HW7 Low,Lector 4
Student 94,HW7 Low,HW8 Low,Lector 4
Student 94,HW8 Low,HW9 Low,Lector 4
Student 94,HW9 Low,HW10 High,Lector 4
Student 95,HW1 Low,HW2 Low,Lector 4
Student 95,HW2 Low,HW3 High,Lector 4
Student 95,HW3 High,HW4 Low,Lector 4
Student 95,HW4 Low,HW5 High,Lector 4
Student 95,HW5 High,HW6 Low,Lector 4
Student 95,HW6 Low,HW7 High,Lector 4
Student 95,HW7 High,HW8 Low,Lector 4
Student 95,HW8 Low,HW9 Low,Lector 4
Student 95,HW9 Low,HW10 Low,Lector 4
Student 96,HW1 High,HW2 Medium,Lector 4
Student 96,HW2 Medium,HW3 Medium,Lector 4
Student 96,HW3 Medium,HW4 High,Lector 4
Student 96,HW4 High,HW5 Medium,Lector 4
Student 96,HW5 Medium,HW6 High,Lector 4
Student 96,HW6 High,HW7 Low,Lector 4
Student 96,HW7 Low,HW8 Medium,Lector 4
Student 96,HW8 Medium,HW9 Medium,Lector 4
Student 96,HW9 Medium,HW10 High,Lector 4
Student 97,HW1 Low,HW2 High,Lector 4
Student 97,HW2 High,HW3 Low,Lector 4
Student 97,HW3 Low,HW4 Medium,Lector 4
Student 97,HW4 Medium,HW5 High,Lector 4
Student 97,HW5 High,HW6 Medium,Lector 4
Student 97,HW6 Medium,HW7 Medium,Lector 4
Student 97,HW7 Medium,HW8 Low,Lector 4
Student 97,HW8 Low,HW9 Medium,Lector 4
Student 97,HW9 Medium,HW10 Low,Lector 4
Student 98,HW1 Medium,HW2 High,Lector 4
Student 98,HW2 High,HW3 Low,Lector 4
Student 98,HW3 Low,HW4 Medium,Lector 4
Student 98,HW4 Medium,HW5 High,Lector 4
Student 98,HW5 High,HW6 High,Lector 4
Student 98,HW6 High,HW7 High,Lector 4
Student 98,HW7 High,HW8 High,Lector 4
Student 98,HW8 High,HW9 Low,Lector 4
Student 98,HW9 Low,HW10 High,Lector 4
Student 99,HW1 Low,HW2 High,Lector 4
Student 99,HW2 High,HW3 Medium,Lector 4
Student 99,HW3 Medium,HW4 Low,Lector 4
Student 99,HW4 Low,HW5 Medium,Lector 4
Student 99,HW5 Medium,HW6 High,Lector 4
Student 99,HW6 High,HW7 Medium,Lector 4
Student 99,HW7 Medium,HW8 Low,Lector 4
Student 99,HW8 Low,HW9 Medium,Lector 4
Student 99,HW9 Medium,HW10 Medium,Lector 4
Student 100,HW1 High,HW2 Low,Lector 4
Student 100,HW2 Low,HW3 Medium,Lector 4
Student 100,HW3 Medium,HW4 Low,Lector 4
Student 100,HW4 Low,HW5 Medium,Lector 4
Student 100,HW5 Medium,HW6 High,Lector 4
Student 100,HW6 High,HW7 Low,Lector 4
Student 100,HW7 Low,HW8 Low,Lector 4
Student 100,HW8 Low,HW9 Low,Lector 4
Student 100,HW9 Low,HW10 Medium,Lector 4
Student 101,HW1 Medium,HW2 High,Lector 4
Student 101,HW2 High,HW3 Medium,Lector 4
Student 101,HW3 Medium,HW4 Low,Lector 4
Student 101,HW4 Low,HW5 Low,Lector 4
Student 101,HW5 Low,HW6 Medium,Lector 4
Student 101,HW6 Medium,HW7 High,Lector 4
Student 101,HW7 High,HW8 Medium,Lector 4
Student 101,HW8 Medium,HW9 Low,Lector 4
Student 101,HW9 Low,HW10 Low,Lector 4
Student 102,HW1 Medium,HW2 High,Lector 4
Student 102,HW2 High,HW3 High,Lector 4
Student 102,HW3 High,HW4 Medium,Lector 4
Student 102,HW4 Medium,HW5 High,Lector 4
Student 102,HW5 High,HW6 Medium,Lector 4
Student 102,HW6 Medium,HW7 Medium,Lector 4
Student 102,HW7 Medium,HW8 Low,Lector 4
Student 102,HW8 Low,HW9 Medium,Lector 4
Student 102,HW9 Medium,HW10 Medium,Lector 4
Student 103,HW1 Medium,HW2 Medium,Lector 4
Student 103,HW2 Medium,HW3 Medium,Lector 4
Student 103,HW3 Medium,HW4 Low,Lector 4
Student 103,HW4 Low,HW5 Medium,Lector 4
Student 103,HW5 Medium,HW6 Low,Lector 4
Student 103,HW6 Low,HW7 Low,Lector 4
Student 103,HW7 Low,HW8 Low,Lector 4
Student 103,HW8 Low,HW9 Low,Lector 4
Student 103,HW9 Low,HW10 Medium,Lector 4
Student 104,HW1 Medium,HW2 Medium,Lector 4
Student 104,HW2 Medium,HW3 Medium,Lector 4
Student 104,HW3 Medium,HW4 High,Lector 4
Student 104,HW4 High,HW5 Medium,Lector 4
Student 104,HW5 Medium,HW6 Medium,Lector 4
Student 104,HW6 Medium,HW7 Low,Lector 4
Student 104,HW7 Low,HW8 Low,Lector 4
Student 104,HW8 Low,HW9 Low,Lector 4
Student 104,HW9 Low,HW10 Low,Lector 4
Student 105,HW1 High,HW2 Low,Lector 4
Student 105,HW2 Low,HW3 Low,Lector 4
Student 105,HW3 Low,HW4 High,Lector 4
Student 105,HW4 High,HW5 High,Lector 4
Student 105,HW5 High,HW6 Medium,Lector 4
Student 105,HW6 Medium,HW7 Low,Lector 4
Student 105,HW7 Low,HW8 Medium,Lector 4
Student 105,HW8 Medium,HW9 Low,Lector 4
Student 105,HW9 Low,HW10 Medium,Lector 4
Student 106,HW1 Low,HW2 High,Lector 4
Student 106,HW2 High,HW3 High,Lector 4
Student 106,HW3 High,HW4 High,Lector 4
Student 106,HW4 High,HW5 Low,Lector 4
Student 106,HW5 Low,HW6 High,Lector 4
Student 106,HW6 High,HW7 Medium,Lector 4
Student 106,HW7 Medium,HW8 Medium,Lector 4
Student 106,HW8 Medium,HW9 High,Lector 4
Student 106,HW9 High,HW10 Medium,Lector 4
Student 107,HW1 Low,HW2 High,Lector 4
Student 107,HW2 High,HW3 Low,Lector 4
Student 107,HW3 Low,HW4 Low,Lector 4
Student 107,HW4 Low,HW5 Medium,Lector 4
Student 107,HW5 Medium,HW6 High,Lector 4
Student 107,HW6 High,HW7 Medium,Lector 4
Student 107,HW7 Medium,HW8 Medium,Lector 4
Student 107,HW8 Medium,HW9 High,Lector 4
Student 107,HW9 High,HW10 High,Lector 4
Student 108,HW1 Low,HW2 Low,Lector 4
Student 108,HW2 Low,HW3 Medium,Lector 4
Student 108,HW3 Medium,HW4 Medium,Lector 4
Student 108,HW4 Medium,HW5 Low,Lector 4
Student 108,HW5 Low,HW6 Low,Lector 4
Student 108,HW6 Low,HW7 Low,Lector 4
Student 108,HW7 Low,HW8 High,Lector 4
Student 108,HW8 High,HW9 Medium,Lector 4
Student 108,HW9 Medium,HW10 Low,Lector 4
Student 109,HW1 Low,HW2 High,Lector 4
Student 109,HW2 High,HW3 High,Lector 4
Student 109,HW3 High,HW4 High,Lector 4
Student 109,HW4 High,HW5 Medium,Lector 4
Student 109,HW5 Medium,HW6 Medium,Lector 4
Student 109,HW6 Medium,HW7 Medium,Lector 4
Student 109,HW7 Medium,HW8 High,Lector 4
Student 109,HW8 High,HW9 Medium,Lector 4
Student 109,HW9 Medium,HW10 Medium,Lector 4
Student 110,HW1 High,HW2 High,Lector 4
Student 110,HW2 High,HW3 Low,Lector 4
Student 110,HW3 Low,HW4 Low,Lector 4
Student 110,HW4 Low,HW5 Low,Lector 4
Student 110,HW5 Low,HW6 High,Lector 4
Student 110,HW6 High,HW7 Low,Lector 4
Student 110,HW7 Low,HW8 Low,Lector 4
Student 110,HW8 Low,HW9 High,Lector 4
Student 110,HW9 High,HW10 High,Lector 4
Student 111,HW1 Low,HW2 Low,Lector 4
Student 111,HW2 Low,HW3 Medium,Lector 4
Student 111,HW3 Medium,HW4 Medium,Lector 4
Student 111,HW4 Medium,HW5 High,Lector 4
Student 111,HW5 High,HW6 High,Lector 4
Student 111,HW6 High,HW7 Medium,Lector 4
Student 111,HW7 Medium,HW8 Medium,Lector 4
Student 111,HW8 Medium,HW9 High,Lector 4
Student 111,HW9 High,HW10 Low,Lector 4
Student 112,HW1 Medium,HW2 High,Lector 4
Student 112,HW2 High,HW3 Low,Lector 4
Student 112,HW3 Low,HW4 Low,Lector 4
Student 112,HW4 Low,HW5 High,Lector 4
Student 112,HW5 High,HW6 Medium,Lector 4
Student 112,HW6 Medium,HW7 Low,Lector 4
Student 112,HW7 Low,HW8 High,Lector 4
Student 112,HW8 High,HW9 Low,Lector 4
Student 112,HW9 Low,HW10 Low,Lector 4
Student 113,HW1 High,HW2 Low,Lector 4
Student 113,HW2 Low,HW3 Medium,Lector 4
Student 113,HW3 Medium,HW4 Medium,Lector 4
Student 113,HW4 Medium,HW5 Medium,Lector 4
Student 113,HW5 Medium,HW6 Medium,Lector 4
Student 113,HW6 Medium,HW7 Medium,Lector 4
Student 113,HW7 Medium,HW8 Low,Lector 4
Student 113,HW8 Low,HW9 High,Lector 4
Student 113,HW9 High,HW10 High,Lector 4
Student 114,HW1 Low,HW2 Low,Lector 4
Student 114,HW2 Low,HW3 High,Lector 4
Student 114,HW3 High,HW4 Medium,Lector 4
Student 114,HW4 Medium,HW5 Low,Lector 4
Student 114,HW5 Low,HW6 High,Lector 4
Student 114,HW6 High,HW7 Low,Lector 4
Student 114,HW7 Low,HW8 Low,Lector 4
Student 114,HW8 Low,HW9 Medium,Lector 4
Student 114,HW9 Medium,HW10 High,Lector 4
Student 115,HW1 High,HW2 High,Lector 4
Student 115,HW2 High,HW3 High,Lector 4
Student 115,HW3 High,HW4 High,Lector 4
Student 115,HW4 High,HW5 Medium,Lector 4
Student 115,HW5 Medium,HW6 High,Lector 4
Student 115,HW6 High,HW7 Low,Lector 4
Student 115,HW7 Low,HW8 High,Lector 4
Student 115,HW8 High,HW9 High,Lector 4
Student 115,HW9 High,HW10 Medium,Lector 4
Student 116,HW1 Medium,HW2 High,Lector 4
Student 116,HW2 High,HW3 High,Lector 4
Student 116,HW3 High,HW4 Medium,Lector 4
Student 116,HW4 Medium,HW5 High,Lector 4
Student 116,HW5 High,HW6 Low,Lector 4
Student 116,HW6 Low,HW7 Low,Lector 4
Student 116,HW7 Low,HW8 Medium,Lector 4
Student 116,HW8 Medium,HW9 High,Lector 4
Student 116,HW9 High,HW10 Low,Lector 4
Student 117,HW1 Medium,HW2 Low,Lector 4
Student 117,HW2 Low,HW3 Low,Lector 4
Student 117,HW3 Low,HW4 Low,Lector 4
Student 117,HW4 Low,HW5 Medium,Lector 4
Student 117,HW5 Medium,HW6 Medium,Lector 4
Student 117,HW6 Medium,HW7 Medium,Lector 4
Student 117,HW7 Medium,HW8 High,Lector 4
Student 117,HW8 High,HW9 High,Lector 4
Student 117,HW9 High,HW10 Medium,Lector 4
Student 118,HW1 Low,HW2 High,Lector 4
Student 118,HW2 High,HW3 Medium,Lector 4
Student 118,HW3 Medium,HW4 Low,Lector 4
Student 118,HW4 Low,HW5 Low,Lector 4
Student 118,HW5 Low,HW6 Medium,Lector 4
Student 118,HW6 Medium,HW7 High,Lector 4
Student 118,HW7 High,HW8 Low,Lector 4
Student 118,HW8 Low,HW9 Medium,Lector 4
Student 118,HW9 Medium,HW10 Low,Lector 4
Student 119,HW1 Medium,HW2 High,Lector 4
Student 119,HW2 High,HW3 High,Lector 4
Student 119,HW3 High,HW4 High,Lector 4
Student 119,HW4 High,HW5 High,Lector 4
Student 119,HW5 High,HW6 Low,Lector 4
Student 119,HW6 Low,HW7 Low,Lector 4
Student 119,HW7 Low,HW8 High,Lector 4
Student 119,HW8 High,HW9 Low,Lector 4
Student 119,HW9 Low,HW10 High,Lector 4
Student 120,HW1 High,HW2 Low,Lector 4
Student 120,HW2 Low,HW3 Low,Lector 4
Student 120,HW3 Low,HW4 Medium,Lector 4
Student 120,HW4 Medium,HW5 Medium,Lector 4
Student 120,HW5 Medium,HW6 High,Lector 4
Student 120,HW6 High,HW7 Low,Lector 4
Student 120,HW7 Low,HW8 Medium,Lector 4
Student 120,HW8 Medium,HW9 Low,Lector 4
Student 120,HW9 Low,HW10 High,Lector 4
Student 121,HW1 High,HW2 High,Lector 5
Student 121,HW2 High,HW3 High,Lector 5
Student 121,HW3 High,HW4 Medium,Lector 5
Student 121,HW4 Medium,HW5 Medium,Lector 5
Student 121,HW5 Medium,HW6 High,Lector 5
Student 121,HW6 High,HW7 Low,Lector 5
Student 121,HW7 Low,HW8 Medium,Lector 5
Student 121,HW8 Medium,HW9 Low,Lector 5
Student 121,HW9 Low,HW10 Medium,Lector 5
Student 122,HW1 High,HW2 High,Lector 5
Student 122,HW2 High,HW3 High,Lector 5
Student 122,HW3 High,HW4 Medium,Lector 5
Student 122,HW4 Medium,HW5 High,Lector 5
Student 122,HW5 High,HW6 High,Lector 5
Student 122,HW6 High,HW7 High,Lector 5
Student 122,HW7 High,HW8 Medium,Lector 5
Student 122,HW8 Medium,HW9 Low,Lector 5
Student 122,HW9 Low,HW10 Medium,Lector 5
Student 123,HW1 Medium,HW2 Medium,Lector 5
Student 123,HW2 Medium,HW3 Medium,Lector 5
Student 123,HW3 Medium,HW4 Low,Lector 5
Student 123,HW4 Low,HW5 High,Lector 5
Student 123,HW5 High,HW6 High,Lector 5
Student 123,HW6 High,HW7 Medium,Lector 5
Student 123,HW7 Medium,HW8 Medium,Lector 5
Student 123,HW8 Medium,HW9 Medium,Lector 5
Student 123,HW9 Medium,HW10 Medium,Lector 5
Student 124,HW1 Low,HW2 Medium,Lector 5
Student 124,HW2 Medium,HW3 Low,Lector 5
Student 124,HW3 Low,HW4 Low,Lector 5
Student 124,HW4 Low,HW5 Low,Lector 5
Student 124,HW5 Low,HW6 Medium,Lector 5
Student 124,HW6 Medium,HW7 High,Lector 5
Student 124,HW7 High,HW8 High,Lector 5
Student 124,HW8 High,HW9 High,Lector 5
Student 124,HW9 High,HW10 High,Lector 5
Student 125,HW1 High,HW2 Medium,Lector 5
Student 125,HW2 Medium,HW3 Medium,Lector 5
Student 125,HW3 Medium,HW4 Low,Lector 5
Student 125,HW4 Low,HW5 Low,Lector 5
Student 125,HW5 Low,HW6 Medium,Lector 5
Student 125,HW6 Medium,HW7 Medium,Lector 5
Student 125,HW7 Medium,HW8 Medium,Lector 5
Student 125,HW8 Medium,HW9 Low,Lector 5
Student 125,HW9 Low,HW10 Low,Lector 5
Student 126,HW1 High,HW2 High,Lector 5
Student 126,HW2 High,HW3 High,Lector 5
Student 126,HW3 High,HW4 Medium,Lector 5
Student 126,HW4 Medium,HW5 Medium,Lector 5
Student 126,HW5 Medium,HW6 Medium,Lector 5
Student 126,HW6 Medium,HW7 Medium,Lector 5
Student 126,HW7 Medium,HW8 Low,Lector 5
Student 126,HW8 Low,HW9 High,Lector 5
Student 126,HW9 High,HW10 Medium,Lector 5
Student 127,HW1 High,HW2 Low,Lector 5
Student 127,HW2 Low,HW3 Medium,Lector 5
Student 127,HW3 Medium,HW4 Low,Lector 5
Student 127,HW4 Low,HW5 Medium,Lector 5
Student 127,HW5 Medium,HW6 High,Lector 5
Student 127,HW6 High,HW7 Medium,Lector 5
Student 127,HW7 Medium,HW8 High,Lector 5
Student 127,HW8 High,HW9 Medium,Lector 5
Student 127,HW9 Medium,HW10 Medium,Lector 5
Student 128,HW1 Low,HW2 Medium,Lector 5
Student 128,HW2 Medium,HW3 High,Lector 5
Student 128,HW3 High,HW4 High,Lector 5
Student 128,HW4 High,HW5 High,Lector 5
Student 128,HW5 High,HW6 Medium,Lector 5
Student 128,HW6 Medium,HW7 High,Lector 5
Student 128,HW7 High,HW8 Medium,Lector 5
Student 128,HW8 Medium,HW9 Medium,Lector 5
Student 128,HW9 Medium,HW10 Low,Lector 5
Student 129,HW1 Medium,HW2 Low,Lector 5
Student 129,HW2 Low,HW3 Medium,Lector 5
Student 129,HW3 Medium,HW4 Low,Lector 5
Student 129,HW4 Low,HW5 Low,Lector 5
Student 129,HW5 Low,HW6 Low,Lector 5
Student 129,HW6 Low,HW7 Medium,Lector 5
Student 129,HW7 Medium,HW8 Low,Lector 5
Student 129,HW8 Low,HW9 Low,Lector 5
Student 129,HW9 Low,HW10 Medium,Lector 5
Student 130,HW1 High,HW2 High,Lector 5
Student 130,HW2 High,HW3 High,Lector 5
Student 130,HW3 High,HW4 Low,Lector 5
Student 130,HW4 Low,HW5 Medium,Lector 5
Student 130,HW5 Medium,HW6 Low,Lector 5
Student 130,HW6 Low,HW7 Low,Lector 5
Student 130,HW7 Low,HW8 Medium,Lector 5
Student 130,HW8 Medium,HW9 Medium,Lector 5
Student 130,HW9 Medium,HW10 High,Lector 5
Student 131,HW1 High,HW2 Medium,Lector 5
Student 131,HW2 Medium,HW3 High,Lector 5
Student 131,HW3 High,HW4 High,Lector 5
Student 131,HW4 High,HW5 Low,Lector 5
Student 131,HW5 Low,HW6 High,Lector 5
Student 131,HW6 High,HW7 High,Lector 5
Student 131,HW7 High,HW8 High,Lector 5
Student 131,HW8 High,HW9 Medium,Lector 5
Student 131,HW9 Medium,HW10 Medium,Lector 5
Student 132,HW1 High,HW2 Medium,Lector 5
Student 132,HW2 Medium,HW3 High,Lector 5
Student 132,HW3 High,HW4 Medium,Lector 5
Student 132,HW4 Medium,HW5 Low,Lector 5
Student 132,HW5 Low,HW6 High,Lector 5
Student 132,HW6 High,HW7 Low,Lector 5
Student 132,HW7 Low,HW8 Medium,Lector 5
Student 132,HW8 Medium,HW9 Low,Lector 5
Student 132,HW9 Low,HW10 Medium,Lector 5
Student 133,HW1 Medium,HW2 Low,Lector 5
Student 133,HW2 Low,HW3 High,Lector 5
Student 133,HW3 High,HW4 Medium,Lector 5
Student 133,HW4 Medium,HW5 High,Lector 5
Student 133,HW5 High,HW6 Low,Lector 5
Student 133,HW6 Low,HW7 High,Lector 5
Student 133,HW7 High,HW8 Low,Lector 5
Student 133,HW8 Low,HW9 Medium,Lector 5
Student 133,HW9 Medium,HW10 High,Lector 5
Student 134,HW1 Medium,HW2 Medium,Lector 5
Student 134,HW2 Medium,HW3 Low,Lector 5
Student 134,HW3 Low,HW4 Low,Lector 5
Student 134,HW4 Low,HW5 High,Lector 5
Student 134,HW5 High,HW6 Low,Lector 5
Student 134,HW6 Low,HW7 Medium,Lector 5
Student 134,HW7 Medium,HW8 Medium,Lector 5
Student 134,HW8 Medium,HW9 Low,Lector 5
Student 134,HW9 Low,HW10 Medium,Lector 5
Student 135,HW1 High,HW2 Medium,Lector 5
Student 135,HW2 Medium,HW3 Medium,Lector 5
Student 135,HW3 Medium,HW4 High,Lector 5
Student 135,HW4 High,HW5 High,Lector 5
Student 135,HW5 High,HW6 High,Lector 5
Student 135,HW6 High,HW7 Medium,Lector 5
Student 135,HW7 Medium,HW8 High,Lector 5
Student 135,HW8 High,HW9 Medium,Lector 5
Student 135,HW9 Medium,HW10 Medium,Lector 5
Student 136,HW1 Low,HW2 High,Lector 5
Student 136,HW2 High,HW3 Medium,Lector 5
Student 136,HW3 Medium,HW4 High,Lector 5
Student 136,HW4 High,HW5 Low,Lector 5
Student 136,HW5 Low,HW6 Medium,Lector 5
Student 136,HW6 Medium,HW7 High,Lector 5
Student 136,HW7 High,HW8 Low,Lector 5
Student 136,HW8 Low,HW9 Medium,Lector 5
Student 136,HW9 Medium,HW10 Medium,Lector 5
Student 137,HW1 Low,HW2 Medium,Lector 5
Student 137,HW2 Medium,HW3 Medium,Lector 5
Student 137,HW3 Medium,HW4 High,Lector 5
Student 137,HW4 High,HW5 High,Lector 5
Student 137,HW5 High,HW6 Low,Lector 5
Student 137,HW6 Low,HW7 High,Lector 5
Student 137,HW7 High,HW8 Medium,Lector 5
Student 137,HW8 Medium,HW9 Medium,Lector 5
Student 137,HW9 Medium,HW10 Medium,Lector 5
Student 138,HW1 Medium,HW2 Low,Lector 5
Student 138,HW2 Low,HW3 Medium,Lector 5
Student 138,HW3 Medium,HW4 Low,Lector 5
Student 138,HW4 Low,HW5 High,Lector 5
Student 138,HW5 High,HW6 Medium,Lector 5
Student 138,HW6 Medium,HW7 High,Lector 5
Student 138,HW7 High,HW8 High,Lector 5
Student 138,HW8 High,HW9 Low,Lector 5
Student 138,HW9 Low,HW10 Low,Lector 5
Student 139,HW1 High,HW2 High,Lector 5
Student 139,HW2 High,HW3 Low,Lector 5
Student 139,HW3 Low,HW4 High,Lector 5
Student 139,HW4 High,HW5 Low,Lector 5
Student 139,HW5 Low,HW6 High,Lector 5
Student 139,HW6 High,HW7 Medium,Lector 5
Student 139,HW7 Medium,HW8 Low,Lector 5
Student 139,HW8 Low,HW9 Low,Lector 5
Student 139,HW9 Low,HW10 High,Lector 5
Student 140,HW1 High,HW2 High,Lector 5
Student 140,HW2 High,HW3 Medium,Lector 5
Student 140,HW3 Medium,HW4 Low,Lector 5
Student 140,HW4 Low,HW5 Low,Lector 5
Student 140,HW5 Low,HW6 Low,Lector 5
Student 140,HW6 Low,HW7 Medium,Lector 5
Student 140,HW7 Medium,HW8 High,Lector 5
Student 140,HW8 High,HW9 Low,Lector 5
Student 140,HW9 Low,HW10 Low,Lector 5
Student 141,HW1 High,HW2 Medium,Lector 5
Student 141,HW2 Medium,HW3 High,Lector 5
Student 141,HW3 High,HW4 Medium,Lector 5
Student 141,HW4 Medium,HW5 Low,Lector 5
Student 141,HW5 Low,HW6 High,Lector 5
Student 141,HW6 High,HW7 Low,Lector 5
Student 141,HW7 Low,HW8 Low,Lector 5
Student 141,HW8 Low,HW9 Low,Lector 5
Student 141,HW9 Low,HW10 Medium,Lector 5
Student 142,HW1 Medium,HW2 High,Lector 5
Student 142,HW2 High,HW3 High,Lector 5
Student 142,HW3 High,HW4 Medium,Lector 5
Student 142,HW4 Medium,HW5 High,Lector 5
Student 142,HW5 High,HW6 High,Lector 5
Student 142,HW6 High,HW7 High,Lector 5
Student 142,HW7 High,HW8 Medium,Lector 5
Student 142,HW8 Medium,HW9 High,Lector 5
Student 142,HW9 High,HW10 Medium,Lector 5
Student 143,HW1 High,HW2 Low,Lector 5
Student 143,HW2 Low,HW3 High,Lector 5
Student 143,HW3 High,HW4 Medium,Lector 5
Student 143,HW4 Medium,HW5 Low,Lector 5
Student 143,HW5 Low,HW6 Low,Lector 5
Student 143,HW6 Low,HW7 Medium,Lector 5
Student 143,HW7 Medium,HW8 Medium,Lector 5
Student 143,HW8 Medium,HW9 High,Lector 5
Student 143,HW9 High,HW10 High,Lector 5
Student 144,HW1 Low,HW2 High,Lector 5
Student 144,HW2 High,HW3 High,Lector 5
Student 144,HW3 High,HW4 High,Lector 5
Student 144,HW4 High,HW5 Low,Lector 5
Student 144,HW5 Low,HW6 Low,Lector 5
Student 144,HW6 Low,HW7 High,Lector 5
Student 144,HW7 High,HW8 Medium,Lector 5
Student 144,HW8 Medium,HW9 High,Lector 5
Student 144,HW9 High,HW10 High,Lector 5
Student 145,HW1 High,HW2 High,Lector 5
Student 145,HW2 High,HW3 Medium,Lector 5
Student 145,HW3 Medium,HW4 Medium,Lector 5
Student 145,HW4 Medium,HW5 Medium,Lector 5
Student 145,HW5 Medium,HW6 High,Lector 5
Student 145,HW6 High,HW7 Medium,Lector 5
Student 145,HW7 Medium,HW8 High,Lector 5
Student 145,HW8 High,HW9 Low,Lector 5
Student 145,HW9 Low,HW10 Medium,Lector 5
Student 146,HW1 High,HW2 High,Lector 5
Student 146,HW2 High,HW3 Medium,Lector 5
Student 146,HW3 Medium,HW4 Medium,Lector 5
Student 146,HW4 Medium,HW5 Medium,Lector 5
Student 146,HW5 Medium,HW6 Medium,Lector 5
Student 146,HW6 Medium,HW7 Medium,Lector 5
Student 146,HW7 Medium,HW8 Medium,Lector 5
Student 146,HW8 Medium,HW9 Medium,Lector 5
Student 146,HW9 Medium,HW10 Low,Lector 5
Student 147,HW1 Medium,HW2 Medium,Lector 5
Student 147,HW2 Medium,HW3 Low,Lector 5
Student 147,HW3 Low,HW4 Low,Lector 5
Student 147,HW4 Low,HW5 High,Lector 5
Student 147,HW5 High,HW6 Low,Lector 5
Student 147,HW6 Low,HW7 High,Lector 5
Student 147,HW7 High,HW8 Low,Lector 5
Student 147,HW8 Low,HW9 High,Lector 5
Student 147,HW9 High,HW10 Medium,Lector 5
Student 148,HW1 High,HW2 High,Lector 5
Student 148,HW2 High,HW3 High,Lector 5
Student 148,HW3 High,HW4 Medium,Lector 5
Student 148,HW4 Medium,HW5 Low,Lector 5
Student 148,HW5 Low,HW6 High,Lector 5
Student 148,HW6 High,HW7 Medium,Lector 5
Student 148,HW7 Medium,HW8 Medium,Lector 5
Student 148,HW8 Medium,HW9 Medium,Lector 5
Student 148,HW9 Medium,HW10 Medium,Lector 5
Student 149,HW1 Medium,HW2 High,Lector 5
Student 149,HW2 High,HW3 High,Lector 5
Student 149,HW3 High,HW4 Low,Lector 5
Student 149,HW4 Low,HW5 High,Lector 5
Student 149,HW5 High,HW6 Medium,Lector 5
Student 149,HW6 Medium,HW7 Low,Lector 5
Student 149,HW7 Low,HW8 High,Lector 5
Student 149,HW8 High,HW9 Medium,Lector 5
Student 149,HW9 Medium,HW10 Medium,Lector 5
Student 150,HW1 High,HW2 High,Lector 5
Student 150,HW2 High,HW3 Low,Lector 5
Student 150,HW3 Low,HW4 High,Lector 5
Student 150,HW4 High,HW5 Low,Lector 5
Student 150,HW5 Low,HW6 Medium,Lector 5
Student 150,HW6 Medium,HW7 Medium,Lector 5
Student 150,HW7 Medium,HW8 Medium,Lector 5
Student 150,HW8 Medium,HW9 Medium,Lector 5
Student 150,HW9 Medium,HW10 Medium,Lector 5
Student 151,HW1 Medium,HW2 Medium,Lector 6
Student 151,HW2 Medium,HW3 Low,Lector 6
Student 151,HW3 Low,HW4 Medium,Lector 6
Student 151,HW4 Medium,HW5 High,Lector 6
Student 151,HW5 High,HW6 Medium,Lector 6
Student 151,HW6 Medium,HW7 Low,Lector 6
Student 151,HW7 Low,HW8 High,Lector 6
Student 151,HW8 High,HW9 High,Lector 6
Student 151,HW9 High,HW10 Medium,Lector 6
Student 152,HW1 High,HW2 High,Lector 6
Student 152,HW2 High,HW3 High,Lector 6
Student 152,HW3 High,HW4 Medium,Lector 6
Student 152,HW4 Medium,HW5 Low,Lector 6
Student 152,HW5 Low,HW6 Low,Lector 6
Student 152,HW6 Low,HW7 High,Lector 6
Student 152,HW7 High,HW8 Medium,Lector 6
Student 152,HW8 Medium,HW9 Medium,Lector 6
Student 152,HW9 Medium,HW10 Low,Lector 6
Student 153,HW1 High,HW2 High,Lector 6
Student 153,HW2 High,HW3 Low,Lector 6
Student 153,HW3 Low,HW4 Medium,Lector 6
Student 153,HW4 Medium,HW5 Medium,Lector 6
Student 153,HW5 Medium,HW6 Low,Lector 6
Student 153,HW6 Low,HW7 High,Lector 6
Student 153,HW7 High,HW8 Medium,Lector 6
Student 153,HW8 Medium,HW9 Medium,Lector 6
Student 153,HW9 Medium,HW10 Medium,Lector 6
Student 154,HW1 Low,HW2 Low,Lector 6
Student 154,HW2 Low,HW3 High,Lector 6
Student 154,HW3 High,HW4 Low,Lector 6
Student 154,HW4 Low,HW5 High,Lector 6
Student 154,HW5 High,HW6 Medium,Lector 6
Student 154,HW6 Medium,HW7 Medium,Lector 6
Student 154,HW7 Medium,HW8 Medium,Lector 6
Student 154,HW8 Medium,HW9 High,Lector 6
Student 154,HW9 High,HW10 Low,Lector 6
Student 155,HW1 High,HW2 Medium,Lector 6
Student 155,HW2 Medium,HW3 Low,Lector 6
Student 155,HW3 Low,HW4 High,Lector 6
Student 155,HW4 High,HW5 Medium,Lector 6
Student 155,HW5 Medium,HW6 High,Lector 6
Student 155,HW6 High,HW7 Low,Lector 6
Student 155,HW7 Low,HW8 Low,Lector 6
Student 155,HW8 Low,HW9 High,Lector 6
Student 155,HW9 High,HW10 Low,Lector 6
Student 156,HW1 Low,HW2 Low,Lector 6
Student 156,HW2 Low,HW3 High,Lector 6
Student 156,HW3 High,HW4 Low,Lector 6
Student 156,HW4 Low,HW5 High,Lector 6
Student 156,HW5 High,HW6 Low,Lector 6
Student 156,HW6 Low,HW7 High,Lector 6
Student 156,HW7 High,HW8 High,Lector 6
Student 156,HW8 High,HW9 High,Lector 6
Student 156,HW9 High,HW10 High,Lector 6
Student 157,HW1 Low,HW2 Low,Lector 6
Student 157,HW2 Low,HW3 Low,Lector 6
Student 157,HW3 Low,HW4 Low,Lector 6
Student 157,HW4 Low,HW5 High,Lector 6
Student 157,HW5 High,HW6 Low,Lector 6
Student 157,HW6 Low,HW7 High,Lector 6
Student 157,HW7 High,HW8 Low,Lector 6
Student 157,HW8 Low,HW9 Medium,Lector 6
Student 157,HW9 Medium,HW10 Medium,Lector 6
Student 158,HW1 Medium,HW2 High,Lector 6
Student 158,HW2 High,HW3 Medium,Lector 6
Student 158,HW3 Medium,HW4 Low,Lector 6
Student 158,HW4 Low,HW5 Low,Lector 6
Student 158,HW5 Low,HW6 Medium,Lector 6
Student 158,HW6 Medium,HW7 High,Lector 6
Student 158,HW7 High,HW8 High,Lector 6
Student 158,HW8 High,HW9 Medium,Lector 6
Student 158,HW9 Medium,HW10 Low,Lector 6
Student 159,HW1 Medium,HW2 Medium,Lector 6
Student 159,HW2 Medium,HW3 Low,Lector 6
Student 159,HW3 Low,HW4 High,Lector 6
Student 159,HW4 High,HW5 High,Lector 6
Student 159,HW5 High,HW6 High,Lector 6
Student 159,HW6 High,HW7 High,Lector 6
Student 159,HW7 High,HW8 Medium,Lector 6
Student 159,HW8 Medium,HW9 Medium,Lector 6
Student 159,HW9 Medium,HW10 Low,Lector 6
Student 160,HW1 High,HW2 Low,Lector 6
Student 160,HW2 Low,HW3 Medium,Lector 6
Student 160,HW3 Medium,HW4 Low,Lector 6
Student 160,HW4 Low,HW5 High,Lector 6
Student 160,HW5 High,HW6 High,Lector 6
Student 160,HW6 High,HW7 High,Lector 6
Student 160,HW7 High,HW8 High,Lector 6
Student 160,HW8 High,HW9 Low,Lector 6
Student 160,HW9 Low,HW10 Medium,Lector 6
Student 161,HW1 Medium,HW2 High,Lector 6
Student 161,HW2 High,HW3 Medium,Lector 6
Student 161,HW3 Medium,HW4 Low,Lector 6
Student 161,HW4 Low,HW5 High,Lector 6
Student 161,HW5 High,HW6 Medium,Lector 6
Student 161,HW6 Medium,HW7 Medium,Lector 6
Student 161,HW7 Medium,HW8 Low,Lector 6
Student 161,HW8 Low,HW9 High,Lector 6
Student 161,HW9 High,HW10 High,Lector 6
Student 162,HW1 High,HW2 High,Lector 6
Student 162,HW2 High,HW3 Medium,Lector 6
Student 162,HW3 Medium,HW4 Low,Lector 6
Student 162,HW4 Low,HW5 Medium,Lector 6
Student 162,HW5 Medium,HW6 High,Lector 6
Student 162,HW6 High,HW7 High,Lector 6
Student 162,HW7 High,HW8 Low,Lector 6
Student 162,HW8 Low,HW9 Medium,Lector 6
Student 162,HW9 Medium,HW10 Medium,Lector 6
Student 163,HW1 Medium,HW2 Low,Lector 6
Student 163,HW2 Low,HW3 High,Lector 6
Student 163,HW3 High,HW4 High,Lector 6
Student 163,HW4 High,HW5 High,Lector 6
Student 163,HW5 High,HW6 High,Lector 6
Student 163,HW6 High,HW7 High,Lector 6
Student 163,HW7 High,HW8 Low,Lector 6
Student 163,HW8 Low,HW9 Low,Lector 6
Student 163,HW9 Low,HW10 Medium,Lector 6
Student 164,HW1 High,HW2 Low,Lector 6
Student 164,HW2 Low,HW3 Medium,Lector 6
Student 164,HW3 Medium,HW4 Low,Lector 6
Student 164,HW4 Low,HW5 High,Lector 6
Student 164,HW5 High,HW6 High,Lector 6
Student 164,HW6 High,HW7 Medium,Lector 6
Student 164,HW7 Medium,HW8 High,Lector 6
Student 164,HW8 High,HW9 High,Lector 6
Student 164,HW9 High,HW10 High,Lector 6
Student 165,HW1 Medium,HW2 Medium,Lector 6
Student 165,HW2 Medium,HW3 Low,Lector 6
Student 165,HW3 Low,HW4 Low,Lector 6
Student 165,HW4 Low,HW5 Low,Lector 6
Student 165,HW5 Low,HW6 Medium,Lector 6
Student 165,HW6 Medium,HW7 High,Lector 6
Student 165,HW7 High,HW8 Medium,Lector 6
Student 165,HW8 Medium,HW9 High,Lector 6
Student 165,HW9 High,HW10 Low,Lector 6
Student 166,HW1 Low,HW2 High,Lector 6
Student 166,HW2 High,HW3 High,Lector 6
Student 166,HW3 High,HW4 Low,Lector 6
Student 166,HW4 Low,HW5 High,Lector 6
Student 166,HW5 High,HW6 High,Lector 6
Student 166,HW6 High,HW7 High,Lector 6
Student 166,HW7 High,HW8 Medium,Lector 6
Student 166,HW8 Medium,HW9 Medium,Lector 6
Student 166,HW9 Medium,HW10 Low,Lector 6
Student 167,HW1 High,HW2 High,Lector 6
Student 167,HW2 High,HW3 Medium,Lector 6
Student 167,HW3 Medium,HW4 Low,Lector 6
Student 167,HW4 Low,HW5 Low,Lector 6
Student 167,HW5 Low,HW6 Low,Lector 6
Student 167,HW6 Low,HW7 Medium,Lector 6
Student 167,HW7 Medium,HW8 High,Lector 6
Student 167,HW8 High,HW9 High,Lector 6
Student 167,HW9 High,HW10 Medium,Lector 6
Student 168,HW1 High,HW2 High,Lector 6
Student 168,HW2 High,HW3 Medium,Lector 6
Student 168,HW3 Medium,HW4 Medium,Lector 6
Student 168,HW4 Medium,HW5 Low,Lector 6
Student 168,HW5 Low,HW6 High,Lector 6
Student 168,HW6 High,HW7 High,Lector 6
Student 168,HW7 High,HW8 Low,Lector 6
Student 168,HW8 Low,HW9 Low,Lector 6
Student 168,HW9 Low,HW10 High,Lector 6
Student 169,HW1 High,HW2 Low,Lector 6
Student 169,HW2 Low,HW3 Low,Lector 6
Student 169,HW3 Low,HW4 Medium,Lector 6
Student 169,HW4 Medium,HW5 Low,Lector 6
Student 169,HW5 Low,HW6 Medium,Lector 6
Student 169,HW6 Medium,HW7 Medium,Lector 6
Student 169,HW7 Medium,HW8 Medium,Lector 6
Student 169,HW8 Medium,HW9 Medium,Lector 6
Student 169,HW9 Medium,HW10 Medium,Lector 6
Student 170,HW1 Low,HW2 High,Lector 6
Student 170,HW2 High,HW3 Low,Lector 6
Student 170,HW3 Low,HW4 Low,Lector 6
Student 170,HW4 Low,HW5 High,Lector 6
Student 170,HW5 High,HW6 High,Lector 6
Student 170,HW6 High,HW7 Low,Lector 6
Student 170,HW7 Low,HW8 High,Lector 6
Student 170,HW8 High,HW9 Low,Lector 6
Student 170,HW9 Low,HW10 Low,Lector 6
Student 171,HW1 High,HW2 Medium,Lector 6
Student 171,HW2 Medium,HW3 Low,Lector 6
Student 171,HW3 Low,HW4 Low,Lector 6
Student 171,HW4 Low,HW5 High,Lector 6
Student 171,HW5 High,HW6 High,Lector 6
Student 171,HW6 High,HW7 Low,Lector 6
Student 171,HW7 Low,HW8 High,Lector 6
Student 171,HW8 High,HW9 Medium,Lector 6
Student 171,HW9 Medium,HW10 Medium,Lector 6
Student 172,HW1 Medium,HW2 High,Lector 6
Student 172,HW2 High,HW3 Medium,Lector 6
Student 172,HW3 Medium,HW4 Low,Lector 6
Student 172,HW4 Low,HW5 High,Lector 6
Student 172,HW5 High,HW6 High,Lector 6
Student 172,HW6 High,HW7 Medium,Lector 6
Student 172,HW7 Medium,HW8 Medium,Lector 6
Student 172,HW8 Medium,HW9 Low,Lector 6
Student 172,HW9 Low,HW10 Medium,Lector 6
Student 173,HW1 Medium,HW2 Medium,Lector 6
Student 173,HW2 Medium,HW3 Low,Lector 6
Student 173,HW3 Low,HW4 High,Lector 6
Student 173,HW4 High,HW5 High,Lector 6
Student 173,HW5 High,HW6 Medium,Lector 6
Student 173,HW6 Medium,HW7 High,Lector 6
Student 173,HW7 High,HW8 High,Lector 6
Student 173,HW8 High,HW9 Low,Lector 6
Student 173,HW9 Low,HW10 Low,Lector 6
Student 174,HW1 Low,HW2 Low,Lector 6
Student 174,HW2 Low,HW3 Medium,Lector 6
Student 174,HW3 Medium,HW4 High,Lector 6
Student 174,HW4 High,HW5 Low,Lector 6
Student 174,HW5 Low,HW6 Medium,Lector 6
Student 174,HW6 Medium,HW7 Medium,Lector 6
Student 174,HW7 Medium,HW8 Low,Lector 6
Student 174,HW8 Low,HW9 Medium,Lector 6
Student 174,HW9 Medium,HW10 High,Lector 6
Student 175,HW1 Low,HW2 Low,Lector 6
Student 175,HW2 Low,HW3 High,Lector 6
Student 175,HW3 High,HW4 Medium,Lector 6
Student 175,HW4 Medium,HW5 High,Lector 6
Student 175,HW5 High,HW6 High,Lector 6
Student 175,HW6 High,HW7 High,Lector 6
Student 175,HW7 High,HW8 Low,Lector 6
Student 175,HW8 Low,HW9 Medium,Lector 6
Student 175,HW9 Medium,HW10 Low,Lector 6
Student 176,HW1 Medium,HW2 Medium,Lector 6
Student 176,HW2 Medium,HW3 High,Lector 6
Student 176,HW3 High,HW4 High,Lector 6
Student 176,HW4 High,HW5 Medium,Lector 6
Student 176,HW5 Medium,HW6 Medium,Lector 6
Student 176,HW6 Medium,HW7 Medium,Lector 6
Student 176,HW7 Medium,HW8 Medium,Lector 6
Student 176,HW8 Medium,HW9 Low,Lector 6
Student 176,HW9 Low,HW10 High,Lector 6
Student 177,HW1 Low,HW2 High,Lector 6
Student 177,HW2 High,HW3 Medium,Lector 6
Student 177,HW3 Medium,HW4 Low,Lector 6
Student 177,HW4 Low,HW5 High,Lector 6
Student 177,HW5 High,HW6 High,Lector 6
Student 177,HW6 High,HW7 Low,Lector 6
Student 177,HW7 Low,HW8 Medium,Lector 6
Student 177,HW8 Medium,HW9 Low,Lector 6
Student 177,HW9 Low,HW10 Low,Lector 6
Student 178,HW1 Low,HW2 Low,Lector 6
Student 178,HW2 Low,HW3 High,Lector 6
Student 178,HW3 High,HW4 Low,Lector 6
Student 178,HW4 Low,HW5 Low,Lector 6
Student 178,HW5 Low,HW6 Low,Lector 6
Student 178,HW6 Low,HW7 Medium,Lector 6
Student 178,HW7 Medium,HW8 High,Lector 6
Student 178,HW8 High,HW9 Low,Lector 6
Student 178,HW9 Low,HW10 Medium,Lector 6
Student 179,HW1 Medium,HW2 High,Lector 6
Student 179,HW2 High,HW3 High,Lector 6
Student 179,HW3 High,HW4 Low,Lector 6
Student 179,HW4 Low,HW5 High,Lector 6
Student 179,HW5 High,HW6 High,Lector 6
Student 179,HW6 High,HW7 Medium,Lector 6
Student 179,HW7 Medium,HW8 Medium,Lector 6
Student 179,HW8 Medium,HW9 Medium,Lector 6
Student 179,HW9 Medium,HW10 High,Lector 6
Student 180,HW1 Medium,HW2 Medium,Lector 6
Student 180,HW2 Medium,HW3 Medium,Lector 6
Student 180,HW3 Medium,HW4 High,Lector 6
Student 180,HW4 High,HW5 Low,Lector 6
Student 180,HW5 Low,HW6 Low,Lector 6
Student 180,HW6 Low,HW7 Medium,Lector 6
Student 180,HW7 Medium,HW8 High,Lector 6
Student 180,HW8 High,HW9 High,Lector 6
Student 180,HW9 High,HW10 Low,Lector 6
Student 181,HW1 Medium,HW2 Low,Lector 7
Student 181,HW2 Low,HW3 Low,Lector 7
Student 181,HW3 Low,HW4 Low,Lector 7
Student 181,HW4 Low,HW5 High,Lector 7
Student 181,HW5 High,HW6 Low,Lector 7
Student 181,HW6 Low,HW7 Medium,Lector 7
Student 181,HW7 Medium,HW8 Low,Lector 7
Student 181,HW8 Low,HW9 Medium,Lector 7
Student 181,HW9 Medium,HW10 Low,Lector 7
Student 182,HW1 Low,HW2 Low,Lector 7
Student 182,HW2 Low,HW3 Medium,Lector 7
Student 182,HW3 Medium,HW4 High,Lector 7
Student 182,HW4 High,HW5 Medium,Lector 7
Student 182,HW5 Medium,HW6 Low,Lector 7
Student 182,HW6 Low,HW7 Medium,Lector 7
Student 182,HW7 Medium,HW8 Medium,Lector 7
Student 182,HW8 Medium,HW9 Medium,Lector 7
Student 182,HW9 Medium,HW10 Medium,Lector 7
Student 183,HW1 Medium,HW2 Medium,Lector 7
Student 183,HW2 Medium,HW3 High,Lector 7
Student 183,HW3 High,HW4 High,Lector 7
Student 183,HW4 High,HW5 High,Lector 7
Student 183,HW5 High,HW6 High,Lector 7
Student 183,HW6 High,HW7 Medium,Lector 7
Student 183,HW7 Medium,HW8 Low,Lector 7
Student 183,HW8 Low,HW9 Medium,Lector 7
Student 183,HW9 Medium,HW10 High,Lector 7
Student 184,HW1 High,HW2 Medium,Lector 7
Student 184,HW2 Medium,HW3 Medium,Lector 7
Student 184,HW3 Medium,HW4 Low,Lector 7
Student 184,HW4 Low,HW5 Medium,Lector 7
Student 184,HW5 Medium,HW6 High,Lector 7
Student 184,HW6 High,HW7 Medium,Lector 7
Student 184,HW7 Medium,HW8 High,Lector 7
Student 184,HW8 High,HW9 Medium,Lector 7
Student 184,HW9 Medium,HW10 Low,Lector 7
Student 185,HW1 Low,HW2 Low,Lector 7
Student 185,HW2 Low,HW3 Medium,Lector 7
Student 185,HW3 Medium,HW4 High,Lector 7
Student 185,HW4 High,HW5 Low,Lector 7
Student 185,HW5 Low,HW6 Low,Lector 7
Student 185,HW6 Low,HW7 High,Lector 7
Student 185,HW7 High,HW8 High,Lector 7
Student 185,HW8 High,HW9 Medium,Lector 7
Student 185,HW9 Medium,HW10 Low,Lector 7
Student 186,HW1 High,HW2 High,Lector 7
Student 186,HW2 High,HW3 High,Lector 7
Student 186,HW3 High,HW4 Medium,Lector 7
Student 186,HW4 Medium,HW5 High,Lector 7
Student 186,HW5 High,HW6 Low,Lector 7
Student 186,HW6 Low,HW7 Low,Lector 7
Student 186,HW7 Low,HW8 High,Lector 7
Student 186,HW8 High,HW9 Medium,Lector 7
Student 186,HW9 Medium,HW10 High,Lector 7
Student 187,HW1 Low,HW2 High,Lector 7
Student 187,HW2 High,HW3 Medium,Lector 7
Student 187,HW3 Medium,HW4 Medium,Lector 7
Student 187,HW4 Medium,HW5 Low,Lector 7
Student 187,HW5 Low,HW6 Medium,Lector 7
Student 187,HW6 Medium,HW7 Medium,Lector 7
Student 187,HW7 Medium,HW8 Low,Lector 7
Student 187,HW8 Low,HW9 Low,Lector 7
Student 187,HW9 Low,HW10 Low,Lector 7
Student 188,HW1 Low,HW2 Low,Lector 7
Student 188,HW2 Low,HW3 Medium,Lector 7
Student 188,HW3 Medium,HW4 High,Lector 7
Student 188,HW4 High,HW5 Medium,Lector 7
Student 188,HW5 Medium,HW6 High,Lector 7
Student 188,HW6 High,HW7 High,Lector 7
Student 188,HW7 High,HW8 Medium,Lector 7
Student 188,HW8 Medium,HW9 Medium,Lector 7
Student 188,HW9 Medium,HW10 Medium,Lector 7
Student 189,HW1 High,HW2 Medium,Lector 7
Student 189,HW2 Medium,HW3 Medium,Lector 7
Student 189,HW3 Medium,HW4 Medium,Lector 7
Student 189,HW4 Medium,HW5 Low,Lector 7
Student 189,HW5 Low,HW6 Medium,Lector 7
Student 189,HW6 Medium,HW7 Medium,Lector 7
Student 189,HW7 Medium,HW8 High,Lector 7
Student 189,HW8 High,HW9 Low,Lector 7
Student 189,HW9 Low,HW10 Low,Lector 7
Student 190,HW1 High,HW2 Low,Lector 7
Student 190,HW2 Low,HW3 Low,Lector 7
Student 190,HW3 Low,HW4 High,Lector 7
Student 190,HW4 High,HW5 Medium,Lector 7
Student 190,HW5 Medium,HW6 High,Lector 7
Student 190,HW6 High,HW7 High,Lector 7
Student 190,HW7 High,HW8 Low,Lector 7
Student 190,HW8 Low,HW9 Medium,Lector 7
Student 190,HW9 Medium,HW10 High,Lector 7
Student 191,HW1 High,HW2 High,Lector 7
Student 191,HW2 High,HW3 Medium,Lector 7
Student 191,HW3 Medium,HW4 Low,Lector 7
Student 191,HW4 Low,HW5 Low,Lector 7
Student 191,HW5 Low,HW6 Medium,Lector 7
Student 191,HW6 Medium,HW7 Low,Lector 7
Student 191,HW7 Low,HW8 High,Lector 7
Student 191,HW8 High,HW9 Medium,Lector 7
Student 191,HW9 Medium,HW10 Low,Lector 7
Student 192,HW1 High,HW2 High,Lector 7
Student 192,HW2 High,HW3 Medium,Lector 7
Student 192,HW3 Medium,HW4 Low,Lector 7
Student 192,HW4 Low,HW5 Low,Lector 7
Student 192,HW5 Low,HW6 Medium,Lector 7
Student 192,HW6 Medium,HW7 High,Lector 7
Student 192,HW7 High,HW8 High,Lector 7
Student 192,HW8 High,HW9 Medium,Lector 7
Student 192,HW9 Medium,HW10 Low,Lector 7
Student 193,HW1 Medium,HW2 High,Lector 7
Student 193,HW2 High,HW3 High,Lector 7
Student 193,HW3 High,HW4 Low,Lector 7
Student 193,HW4 Low,HW5 Medium,Lector 7
Student 193,HW5 Medium,HW6 Low,Lector 7
Student 193,HW6 Low,HW7 High,Lector 7
Student 193,HW7 High,HW8 Medium,Lector 7
Student 193,HW8 Medium,HW9 High,Lector 7
Student 193,HW9 High,HW10 Medium,Lector 7
Student 194,HW1 High,HW2 Low,Lector 7
Student 194,HW2 Low,HW3 Medium,Lector 7
Student 194,HW3 Medium,HW4 Medium,Lector 7
Student 194,HW4 Medium,HW5 High,Lector 7
Student 194,HW5 High,HW6 High,Lector 7
Student 194,HW6 High,HW7 High,Lector 7
Student 194,HW7 High,HW8 Low,Lector 7
Student 194,HW8 Low,HW9 Low,Lector 7
Student 194,HW9 Low,HW10 High,Lector 7
Student 195,HW1 Low,HW2 Low,Lector 7
Student 195,HW2 Low,HW3 Low,Lector 7
Student 195,HW3 Low,HW4 High,Lector 7
Student 195,HW4 High,HW5 Medium,Lector 7
Student 195,HW5 Medium,HW6 Low,Lector 7
Student 195,HW6 Low,HW7 High,Lector 7
Student 195,HW7 High,HW8 Medium,Lector 7
Student 195,HW8 Medium,HW9 High,Lector 7
Student 195,HW9 High,HW10 High,Lector 7
Student 196,HW1 Medium,HW2 Medium,Lector 7
Student 196,HW2 Medium,HW3 Low,Lector 7
Student 196,HW3 Low,HW4 High,Lector 7
Student 196,HW4 High,HW5 Medium,Lector 7
Student 196,HW5 Medium,HW6 Medium,Lector 7
Student 196,HW6 Medium,HW7 Medium,Lector 7
Student 196,HW7 Medium,HW8 Low,Lector 7
Student 196,HW8 Low,HW9 High,Lector 7
Student 196,HW9 High,HW10 Medium,Lector 7
Student 197,HW1 High,HW2 Medium,Lector 7
Student 197,HW2 Medium,HW3 Medium,Lector 7
Student 197,HW3 Medium,HW4 Low,Lector 7
Student 197,HW4 Low,HW5 Low,Lector 7
Student 197,HW5 Low,HW6 Low,Lector 7
Student 197,HW6 Low,HW7 High,Lector 7
Student 197,HW7 High,HW8 Low,Lector 7
Student 197,HW8 Low,HW9 Low,Lector 7
Student 197,HW9 Low,HW10 Medium,Lector 7
Student 198,HW1 High,HW2 Medium,Lector 7
Student 198,HW2 Medium,HW3 Low,Lector 7
Student 198,HW3 Low,HW4 Medium,Lector 7
Student 198,HW4 Medium,HW5 High,Lector 7
Student 198,HW5 High,HW6 High,Lector 7
Student 198,HW6 High,HW7 Low,Lector 7
Student 198,HW7 Low,HW8 High,Lector 7
Student 198,HW8 High,HW9 Low,Lector 7
Student 198,HW9 Low,HW10 Low,Lector 7
Student 199,HW1 Low,HW2 Low,Lector 7
Student 199,HW2 Low,HW3 Medium,Lector 7
Student 199,HW3 Medium,HW4 Medium,Lector 7
Student 199,HW4 Medium,HW5 Low,Lector 7
Student 199,HW5 Low,HW6 Medium,Lector 7
Student 199,HW6 Medium,HW7 Medium,Lector 7
Student 199,HW7 Medium,HW8 Low,Lector 7
Student 199,HW8 Low,HW9 Medium,Lector 7
Student 199,HW9 Medium,HW10 Low,Lector 7
Student 200,HW1 Low,HW2 Medium,Lector 7
Student 200,HW2 Medium,HW3 Medium,Lector 7
Student 200,HW3 Medium,HW4 Medium,Lector 7
Student 200,HW4 Medium,HW5 High,Lector 7
Student 200,HW5 High,HW6 High,Lector 7
Student 200,HW6 High,HW7 High,Lector 7
Student 200,HW7 High,HW8 Medium,Lector 7
Student 200,HW8 Medium,HW9 Medium,Lector 7
Student 200,HW9 Medium,HW10 Low,Lector 7
Student 201,HW1 Medium,HW2 High,Lector 7
Student 201,HW2 High,HW3 Medium,Lector 7
Student 201,HW3 Medium,HW4 Low,Lector 7
Student 201,HW4 Low,HW5 Medium,Lector 7
Student 201,HW5 Medium,HW6 Medium,Lector 7
Student 201,HW6 Medium,HW7 Low,Lector 7
Student 201,HW7 Low,HW8 Medium,Lector 7
Student 201,HW8 Medium,HW9 Low,Lector 7
Student 201,HW9 Low,HW10 Low,Lector 7
Student 202,HW1 High,HW2 Low,Lector 7
Student 202,HW2 Low,HW3 High,Lector 7
Student 202,HW3 High,HW4 High,Lector 7
Student 202,HW4 High,HW5 Low,Lector 7
Student 202,HW5 Low,HW6 Medium,Lector 7
Student 202,HW6 Medium,HW7 Medium,Lector 7
Student 202,HW7 Medium,HW8 Low,Lector 7
Student 202,HW8 Low,HW9 Low,Lector 7
Student 202,HW9 Low,HW10 Medium,Lector 7
Student 203,HW1 Low,HW2 High,Lector 7
Student 203,HW2 High,HW3 Low,Lector 7
Student 203,HW3 Low,HW4 High,Lector 7
Student 203,HW4 High,HW5 Low,Lector 7
Student 203,HW5 Low,HW6 High,Lector 7
Student 203,HW6 High,HW7 High,Lector 7
Student 203,HW7 High,HW8 Low,Lector 7
Student 203,HW8 Low,HW9 High,Lector 7
Student 203,HW9 High,HW10 High,Lector 7
Student 204,HW1 Low,HW2 High,Lector 7
Student 204,HW2 High,HW3 Medium,Lector 7
Student 204,HW3 Medium,HW4 Low,Lector 7
Student 204,HW4 Low,HW5 Low,Lector 7
Student 204,HW5 Low,HW6 Low,Lector 7
Student 204,HW6 Low,HW7 Low,Lector 7
Student 204,HW7 Low,HW8 High,Lector 7
Student 204,HW8 High,HW9 Low,Lector 7
Student 204,HW9 Low,HW10 Low,Lector 7
Student 205,HW1 Low,HW2 Medium,Lector 7
Student 205,HW2 Medium,HW3 Low,Lector 7
Student 205,HW3 Low,HW4 Medium,Lector 7
Student 205,HW4 Medium,HW5 Medium,Lector 7
Student 205,HW5 Medium,HW6 High,Lector 7
Student 205,HW6 High,HW7 Low,Lector 7
Student 205,HW7 Low,HW8 Low,Lector 7
Student 205,HW8 Low,HW9 High,Lector 7
Student 205,HW9 High,HW10 Medium,Lector 7
Student 206,HW1 Low,HW2 High,Lector 7
Student 206,HW2 High,HW3 Low,Lector 7
Student 206,HW3 Low,HW4 High,Lector 7
Student 206,HW4 High,HW5 Medium,Lector 7
Student 206,HW5 Medium,HW6 Low,Lector 7
Student 206,HW6 Low,HW7 Low,Lector 7
Student 206,HW7 Low,HW8 Medium,Lector 7
Student 206,HW8 Medium,HW9 Medium,Lector 7
Student 206,HW9 Medium,HW10 Low,Lector 7
Student 207,HW1 Medium,HW2 High,Lector 7
Student 207,HW2 High,HW3 Medium,Lector 7
Student 207,HW3 Medium,HW4 Medium,Lector 7
Student 207,HW4 Medium,HW5 Medium,Lector 7
Student 207,HW5 Medium,HW6 High,Lector 7
Student 207,HW6 High,HW7 Medium,Lector 7
Student 207,HW7 Medium,HW8 High,Lector 7
Student 207,HW8 High,HW9 Low,Lector 7
Student 207,HW9 Low,HW10 Medium,Lector 7
Student 208,HW1 Medium,HW2 Medium,Lector 7
Student 208,HW2 Medium,HW3 Medium,Lector 7
Student 208,HW3 Medium,HW4 Low,Lector 7
Student 208,HW4 Low,HW5 High,Lector 7
Student 208,HW5 High,HW6 High,Lector 7
Student 208,HW6 High,HW7 Low,Lector 7
Student 208,HW7 Low,HW8 Medium,Lector 7
Student 208,HW8 Medium,HW9 High,Lector 7
Student 208,HW9 High,HW10 High,Lector 7
Student 209,HW1 Low,HW2 High,Lector 7
Student 209,HW2 High,HW3 Low,Lector 7
Student 209,HW3 Low,HW4 Low,Lector 7
Student 209,HW4 Low,HW5 High,Lector 7
Student 209,HW5 High,HW6 Medium,Lector 7
Student 209,HW6 Medium,HW7 High,Lector 7
Student 209,HW7 High,HW8 High,Lector 7
Student 209,HW8 High,HW9 High,Lector 7
Student 209,HW9 High,HW10 High,Lector 7
Student 210,HW1 Medium,HW2 Low,Lector 7
Student 210,HW2 Low,HW3 Medium,Lector 7
Student 210,HW3 Medium,HW4 High,Lector 7
Student 210,HW4 High,HW5 Low,Lector 7
Student 210,HW5 Low,HW6 High,Lector 7
Student 210,HW6 High,HW7 Medium,Lector 7
Student 210,HW7 Medium,HW8 Low,Lector 7
Student 210,HW8 Low,HW9 Low,Lector 7
Student 210,HW9 Low,HW10 Low,Lector 7
Student 211,HW1 Medium,HW2 Medium,Lector 8
Student 211,HW2 Medium,HW3 Medium,Lector 8
Student 211,HW3 Medium,HW4 High,Lector 8
Student 211,HW4 High,HW5 Medium,Lector 8
Student 211,HW5 Medium,HW6 Low,Lector 8
Student 211,HW6 Low,HW7 Medium,Lector 8
Student 211,HW7 Medium,HW8 Low,Lector 8
Student 211,HW8 Low,HW9 Low,Lector 8
Student 211,HW9 Low,HW10 Medium,Lector 8
Student 212,HW1 Medium,HW2 Medium,Lector 8
Student 212,HW2 Medium,HW3 Medium,Lector 8
Student 212,HW3 Medium,HW4 Low,Lector 8
Student 212,HW4 Low,HW5 Low,Lector 8
Student 212,HW5 Low,HW6 Medium,Lector 8
Student 212,HW6 Medium,HW7 Low,Lector 8
Student 212,HW7 Low,HW8 High,Lector 8
Student 212,HW8 High,HW9 Low,Lector 8
Student 212,HW9 Low,HW10 High,Lector 8
Student 213,HW1 Medium,HW2 Low,Lector 8
Student 213,HW2 Low,HW3 Medium,Lector 8
Student 213,HW3 Medium,HW4 High,Lector 8
Student 213,HW4 High,HW5 High,Lector 8
Student 213,HW5 High,HW6 High,Lector 8
Student 213,HW6 High,HW7 Medium,Lector 8
Student 213,HW7 Medium,HW8 Low,Lector 8
Student 213,HW8 Low,HW9 High,Lector 8
Student 213,HW9 High,HW10 High,Lector 8
Student 214,HW1 High,HW2 High,Lector 8
Student 214,HW2 High,HW3 Medium,Lector 8
Student 214,HW3 Medium,HW4 Low,Lector 8
Student 214,HW4 Low,HW5 Low,Lector 8
Student 214,HW5 Low,HW6 Medium,Lector 8
Student 214,HW6 Medium,HW7 Medium,Lector 8
Student 214,HW7 Medium,HW8 Medium,Lector 8
Student 214,HW8 Medium,HW9 Medium,Lector 8
Student 214,HW9 Medium,HW10 Medium,Lector 8
Student 215,HW1 High,HW2 High,Lector 8
Student 215,HW2 High,HW3 High,Lector 8
Student 215,HW3 High,HW4 Medium,Lector 8
Student 215,HW4 Medium,HW5 High,Lector 8
Student 215,HW5 High,HW6 Low,Lector 8
Student 215,HW6 Low,HW7 Low,Lector 8
Student 215,HW7 Low,HW8 Low,Lector 8
Student 215,HW8 Low,HW9 Medium,Lector 8
Student 215,HW9 Medium,HW10 Low,Lector 8
Student 216,HW1 Low,HW2 High,Lector 8
Student 216,HW2 High,HW3 Medium,Lector 8
Student 216,HW3 Medium,HW4 High,Lector 8
Student 216,HW4 High,HW5 Low,Lector 8
Student 216,HW5 Low,HW6 High,Lector 8
Student 216,HW6 High,HW7 Low,Lector 8
Student 216,HW7 Low,HW8 Low,Lector 8
Student 216,HW8 Low,HW9 Medium,Lector 8
Student 216,HW9 Medium,HW10 Medium,Lector 8
Student 217,HW1 High,HW2 Low,Lector 8
Student 217,HW2 Low,HW3 Low,Lector 8
Student 217,HW3 Low,HW4 Low,Lector 8
Student 217,HW4 Low,HW5 High,Lector 8
Student 217,HW5 High,HW6 Medium,Lector 8
Student 217,HW6 Medium,HW7 Medium,Lector 8
Student 217,HW7 Medium,HW8 Medium,Lector 8
Student 217,HW8 Medium,HW9 Low,Lector 8
Student 217,HW9 Low,HW10 Medium,Lector 8
Student 218,HW1 Medium,HW2 Medium,Lector 8
Student 218,HW2 Medium,HW3 High,Lector 8
Student 218,HW3 High,HW4 Low,Lector 8
Student 218,HW4 Low,HW5 Medium,Lector 8
Student 218,HW5 Medium,HW6 Medium,Lector 8
Student 218,HW6 Medium,HW7 Low,Lector 8
Student 218,HW7 Low,HW8 Medium,Lector 8
Student 218,HW8 Medium,HW9 Low,Lector 8
Student 218,HW9 Low,HW10 Low,Lector 8
Student 219,HW1 Low,HW2 Medium,Lector 8
Student 219,HW2 Medium,HW3 Medium,Lector 8
Student 219,HW3 Medium,HW4 Medium,Lector 8
Student 219,HW4 Medium,HW5 High,Lector 8
Student 219,HW5 High,HW6 Low,Lector 8
Student 219,HW6 Low,HW7 High,Lector 8
Student 219,HW7 High,HW8 Medium,Lector 8
Student 219,HW8 Medium,HW9 High,Lector 8
Student 219,HW9 High,HW10 Medium,Lector 8
Student 220,HW1 Medium,HW2 Low,Lector 8
Student 220,HW2 Low,HW3 Low,Lector 8
Student 220,HW3 Low,HW4 Medium,Lector 8
Student 220,HW4 Medium,HW5 High,Lector 8
Student 220,HW5 High,HW6 Low,Lector 8
Student 220,HW6 Low,HW7 Low,Lector 8
Student 220,HW7 Low,HW8 Medium,Lector 8
Student 220,HW8 Medium,HW9 High,Lector 8
Student 220,HW9 High,HW10 Medium,Lector 8
Student 221,HW1 High,HW2 Medium,Lector 8
Student 221,HW2 Medium,HW3 Low,Lector 8
Student 221,HW3 Low,HW4 Low,Lector 8
Student 221,HW4 Low,HW5 Medium,Lector 8
Student 221,HW5 Medium,HW6 High,Lector 8
Student 221,HW6 High,HW7 High,Lector 8
Student 221,HW7 High,HW8 Medium,Lector 8
Student 221,HW8 Medium,HW9 High,Lector 8
Student 221,HW9 High,HW10 High,Lector 8
Student 222,HW1 Low,HW2 Medium,Lector 8
Student 222,HW2 Medium,HW3 High,Lector 8
Student 222,HW3 High,HW4 Low,Lector 8
Student 222,HW4 Low,HW5 Medium,Lector 8
Student 222,HW5 Medium,HW6 High,Lector 8
Student 222,HW6 High,HW7 Medium,Lector 8
Student 222,HW7 Medium,HW8 High,Lector 8
Student 222,HW8 High,HW9 Medium,Lector 8
Student 222,HW9 Medium,HW10 Medium,Lector 8
Student 223,HW1 Low,HW2 High,Lector 8
Student 223,HW2 High,HW3 Low,Lector 8
Student 223,HW3 Low,HW4 Low,Lector 8
Student 223,HW4 Low,HW5 Low,Lector 8
Student 223,HW5 Low,HW6 High,Lector 8
Student 223,HW6 High,HW7 Medium,Lector 8
Student 223,HW7 Medium,HW8 High,Lector 8
Student 223,HW8 High,HW9 Low,Lector 8
Student 223,HW9 Low,HW10 Medium,Lector 8
Student 224,HW1 High,HW2 Medium,Lector 8
Student 224,HW2 Medium,HW3 Low,Lector 8
Student 224,HW3 Low,HW4 Low,Lector 8
Student 224,HW4 Low,HW5 High,Lector 8
Student 224,HW5 High,HW6 High,Lector 8
Student 224,HW6 High,HW7 Low,Lector 8
Student 224,HW7 Low,HW8 High,Lector 8
Student 224,HW8 High,HW9 High,Lector 8
Student 224,HW9 High,HW10 Medium,Lector 8
Student 225,HW1 Medium,HW2 Medium,Lector 8
Student 225,HW2 Medium,HW3 Medium,Lector 8
Student 225,HW3 Medium,HW4 Low,Lector 8
Student 225,HW4 Low,HW5 High,Lector 8
Student 225,HW5 High,HW6 High,Lector 8
Student 225,HW6 High,HW7 Medium,Lector 8
Student 225,HW7 Medium,HW8 Low,Lector 8
Student 225,HW8 Low,HW9 Low,Lector 8
Student 225,HW9 Low,HW10 High,Lector 8
Student 226,HW1 Low,HW2 High,Lector 8
Student 226,HW2 High,HW3 High,Lector 8
Student 226,HW3 High,HW4 Low,Lector 8
Student 226,HW4 Low,HW5 Low,Lector 8
Student 226,HW5 Low,HW6 Low,Lector 8
Student 226,HW6 Low,HW7 Medium,Lector 8
Student 226,HW7 Medium,HW8 Medium,Lector 8
Student 226,HW8 Medium,HW9 Low,Lector 8
Student 226,HW9 Low,HW10 High,Lector 8
Student 227,HW1 Medium,HW2 Low,Lector 8
Student 227,HW2 Low,HW3 High,Lector 8
Student 227,HW3 High,HW4 Medium,Lector 8
Student 227,HW4 Medium,HW5 Medium,Lector 8
Student 227,HW5 Medium,HW6 Medium,Lector 8
Student 227,HW6 Medium,HW7 Low,Lector 8
Student 227,HW7 Low,HW8 High,Lector 8
Student 227,HW8 High,HW9 Low,Lector 8
Student 227,HW9 Low,HW10 Low,Lector 8
Student 228,HW1 High,HW2 Medium,Lector 8
Student 228,HW2 Medium,HW3 Medium,Lector 8
Student 228,HW3 Medium,HW4 Low,Lector 8
Student 228,HW4 Low,HW5 Medium,Lector 8
Student 228,HW5 Medium,HW6 High,Lector 8
Student 228,HW6 High,HW7 High,Lector 8
Student 228,HW7 High,HW8 High,Lector 8
Student 228,HW8 High,HW9 Medium,Lector 8
Student 228,HW9 Medium,HW10 Low,Lector 8
Student 229,HW1 Medium,HW2 Low,Lector 8
Student 229,HW2 Low,HW3 Medium,Lector 8
Student 229,HW3 Medium,HW4 Low,Lector 8
Student 229,HW4 Low,HW5 High,Lector 8
Student 229,HW5 High,HW6 Medium,Lector 8
Student 229,HW6 Medium,HW7 Medium,Lector 8
Student 229,HW7 Medium,HW8 Medium,Lector 8
Student 229,HW8 Medium,HW9 High,Lector 8
Student 229,HW9 High,HW10 Low,Lector 8
Student 230,HW1 Low,HW2 Low,Lector 8
Student 230,HW2 Low,HW3 Low,Lector 8
Student 230,HW3 Low,HW4 Low,Lector 8
Student 230,HW4 Low,HW5 High,Lector 8
Student 230,HW5 High,HW6 Low,Lector 8
Student 230,HW6 Low,HW7 Low,Lector 8
Student 230,HW7 Low,HW8 Medium,Lector 8
Student 230,HW8 Medium,HW9 Medium,Lector 8
Student 230,HW9 Medium,HW10 Low,Lector 8
Student 231,HW1 Medium,HW2 High,Lector 8
Student 231,HW2 High,HW3 High,Lector 8
Student 231,HW3 High,HW4 Medium,Lector 8
Student 231,HW4 Medium,HW5 High,Lector 8
Student 231,HW5 High,HW6 Low,Lector 8
Student 231,HW6 Low,HW7 Low,Lector 8
Student 231,HW7 Low,HW8 Medium,Lector 8
Student 231,HW8 Medium,HW9 High,Lector 8
Student 231,HW9 High,HW10 Low,Lector 8
Student 232,HW1 High,HW2 Medium,Lector 8
Student 232,HW2 Medium,HW3 Medium,Lector 8
Student 232,HW3 Medium,HW4 High,Lector 8
Student 232,HW4 High,HW5 Medium,Lector 8
Student 232,HW5 Medium,HW6 Low,Lector 8
Student 232,HW6 Low,HW7 Low,Lector 8
Student 232,HW7 Low,HW8 Low,Lector 8
Student 232,HW8 Low,HW9 Low,Lector 8
Student 232,HW9 Low,HW10 Medium,Lector 8
Student 233,HW1 Low,HW2 Low,Lector 8
Student 233,HW2 Low,HW3 Medium,Lector 8
Student 233,HW3 Medium,HW4 High,Lector 8
Student 233,HW4 High,HW5 Low,Lector 8
Student 233,HW5 Low,HW6 High,Lector 8
Student 233,HW6 High,HW7 Medium,Lector 8
Student 233,HW7 Medium,HW8 High,Lector 8
Student 233,HW8 High,HW9 Medium,Lector 8
Student 233,HW9 Medium,HW10 High,Lector 8
Student 234,HW1 Low,HW2 Low,Lector 8
Student 234,HW2 Low,HW3 Low,Lector 8
Student 234,HW3 Low,HW4 High,Lector 8
Student 234,HW4 High,HW5 High,Lector 8
Student 234,HW5 High,HW6 Medium,Lector 8
Student 234,HW6 Medium,HW7 High,Lector 8
Student 234,HW7 High,HW8 Medium,Lector 8
Student 234,HW8 Medium,HW9 High,Lector 8
Student 234,HW9 High,HW10 Low,Lector 8
Student 235,HW1 Medium,HW2 High,Lector 8
Student 235,HW2 High,HW3 Low,Lector 8
Student 235,HW3 Low,HW4 Medium,Lector 8
Student 235,HW4 Medium,HW5 High,Lector 8
Student 235,HW5 High,HW6 Medium,Lector 8
Student 235,HW6 Medium,HW7 Low,Lector 8
Student 235,HW7 Low,HW8 Low,Lector 8
Student 235,HW8 Low,HW9 Low,Lector 8
Student 235,HW9 Low,HW10 High,Lector 8
Student 236,HW1 High,HW2 High,Lector 8
Student 236,HW2 High,HW3 Medium,Lector 8
Student 236,HW3 Medium,HW4 High,Lector 8
Student 236,HW4 High,HW5 Medium,Lector 8
Student 236,HW5 Medium,HW6 Medium,Lector 8
Student 236,HW6 Medium,HW7 Medium,Lector 8
Student 236,HW7 Medium,HW8 Medium,Lector 8
Student 236,HW8 Medium,HW9 High,Lector 8
Student 236,HW9 High,HW10 Low,Lector 8
Student 237,HW1 Medium,HW2 Medium,Lector 8
Student 237,HW2 Medium,HW3 Medium,Lector 8
Student 237,HW3 Medium,HW4 Medium,Lector 8
Student 237,HW4 Medium,HW5 Medium,Lector 8
Student 237,HW5 Medium,HW6 High,Lector 8
Student 237,HW6 High,HW7 Medium,Lector 8
Student 237,HW7 Medium,HW8 High,Lector 8
Student 237,HW8 High,HW9 Low,Lector 8
Student 237,HW9 Low,HW10 Low,Lector 8
Student 238,HW1 High,HW2 Low,Lector 8
Student 238,HW2 Low,HW3 Low,Lector 8
Student 238,HW3 Low,HW4 High,Lector 8
Student 238,HW4 High,HW5 Medium,Lector 8
Student 238,HW5 Medium,HW6 High,Lector 8
Student 238,HW6 High,HW7 High,Lector 8
Student 238,HW7 High,HW8 High,Lector 8
Student 238,HW8 High,HW9 High,Lector 8
Student 238,HW9 High,HW10 High,Lector 8
Student 239,HW1 High,HW2 High,Lector 8
Student 239,HW2 High,HW3 Medium,Lector 8
Student 239,HW3 Medium,HW4 High,Lector 8
Student 239,HW4 High,HW5 Medium,Lector 8
Student 239,HW5 Medium,HW6 Medium,Lector 8
Student 239,HW6 Medium,HW7 Medium,Lector 8
Student 239,HW7 Medium,HW8 Low,Lector 8
Student 239,HW8 Low,HW9 High,Lector 8
Student 239,HW9 High,HW10 Medium,Lector 8
Student 240,HW1 Low,HW2 Medium,Lector 8
Student 240,HW2 Medium,HW3 High,Lector 8
Student 240,HW3 High,HW4 Medium,Lector 8
Student 240,HW4 Medium,HW5 Low,Lector 8
Student 240,HW5 Low,HW6 Medium,Lector 8
Student 240,HW6 Medium,HW7 Low,Lector 8
Student 240,HW7 Low,HW8 High,Lector 8
Student 240,HW8 High,HW9 Low,Lector 8
Student 240,HW9 Low,HW10 Medium,Lector 8
Student 241,HW1 Low,HW2 High,Lector 9
Student 241,HW2 High,HW3 Medium,Lector 9
Student 241,HW3 Medium,HW4 Low,Lector 9
Student 241,HW4 Low,HW5 Medium,Lector 9
Student 241,HW5 Medium,HW6 High,Lector 9
Student 241,HW6 High,HW7 High,Lector 9
Student 241,HW7 High,HW8 High,Lector 9
Student 241,HW8 High,HW9 High,Lector 9
Student 241,HW9 High,HW10 Medium,Lector 9
Student 242,HW1 Medium,HW2 High,Lector 9
Student 242,HW2 High,HW3 Medium,Lector 9
Student 242,HW3 Medium,HW4 Low,Lector 9
Student 242,HW4 Low,HW5 High,Lector 9
Student 242,HW5 High,HW6 Low,Lector 9
Student 242,HW6 Low,HW7 Low,Lector 9
Student 242,HW7 Low,HW8 High,Lector 9
Student 242,HW8 High,HW9 Low,Lector 9
Student 242,HW9 Low,HW10 Low,Lector 9
Student 243,HW1 Medium,HW2 Medium,Lector 9
Student 243,HW2 Medium,HW3 High,Lector 9
Student 243,HW3 High,HW4 High,Lector 9
Student 243,HW4 High,HW5 High,Lector 9
Student 243,HW5 High,HW6 High,Lector 9
Student 243,HW6 High,HW7 High,Lector 9
Student 243,HW7 High,HW8 High,Lector 9
Student 243,HW8 High,HW9 Low,Lector 9
Student 243,HW9 Low,HW10 Low,Lector 9
Student 244,HW1 Medium,HW2 Medium,Lector 9
Student 244,HW2 Medium,HW3 Low,Lector 9
Student 244,HW3 Low,HW4 High,Lector 9
Student 244,HW4 High,HW5 Low,Lector 9
Student 244,HW5 Low,HW6 Low,Lector 9
Student 244,HW6 Low,HW7 Medium,Lector 9
Student 244,HW7 Medium,HW8 Medium,Lector 9
Student 244,HW8 Medium,HW9 Medium,Lector 9
Student 244,HW9 Medium,HW10 Low,Lector 9
Student 245,HW1 Medium,HW2 Low,Lector 9
Student 245,HW2 Low,HW3 Medium,Lector 9
Student 245,HW3 Medium,HW4 Medium,Lector 9
Student 245,HW4 Medium,HW5 High,Lector 9
Student 245,HW5 High,HW6 High,Lector 9
Student 245,HW6 High,HW7 Medium,Lector 9
Student 245,HW7 Medium,HW8 Medium,Lector 9
Student 245,HW8 Medium,HW9 Low,Lector 9
Student 245,HW9 Low,HW10 High,Lector 9
Student 246,HW1 High,HW2 Medium,Lector 9
Student 246,HW2 Medium,HW3 Low,Lector 9
Student 246,HW3 Low,HW4 Low,Lector 9
Student 246,HW4 Low,HW5 Low,Lector 9
Student 246,HW5 Low,HW6 Medium,Lector 9
Student 246,HW6 Medium,HW7 Medium,Lector 9
Student 246,HW7 Medium,HW8 Medium,Lector 9
Student 246,HW8 Medium,HW9 Medium,Lector 9
Student 246,HW9 Medium,HW10 Low,Lector 9
Student 247,HW1 Low,HW2 High,Lector 9
Student 247,HW2 High,HW3 Low,Lector 9
Student 247,HW3 Low,HW4 Low,Lector 9
Student 247,HW4 Low,HW5 Low,Lector 9
Student 247,HW5 Low,HW6 Medium,Lector 9
Student 247,HW6 Medium,HW7 High,Lector 9
Student 247,HW7 High,HW8 High,Lector 9
Student 247,HW8 High,HW9 Medium,Lector 9
Student 247,HW9 Medium,HW10 Medium,Lector 9
Student 248,HW1 Low,HW2 Medium,Lector 9
Student 248,HW2 Medium,HW3 High,Lector 9
Student 248,HW3 High,HW4 High,Lector 9
Student 248,HW4 High,HW5 Medium,Lector 9
Student 248,HW5 Medium,HW6 High,Lector 9
Student 248,HW6 High,HW7 Low,Lector 9
Student 248,HW7 Low,HW8 Medium,Lector 9
Student 248,HW8 Medium,HW9 Low,Lector 9
Student 248,HW9 Low,HW10 High,Lector 9
Student 249,HW1 High,HW2 High,Lector 9
Student 249,HW2 High,HW3 Medium,Lector 9
Student 249,HW3 Medium,HW4 Medium,Lector 9
Student 249,HW4 Medium,HW5 High,Lector 9
Student 249,HW5 High,HW6 High,Lector 9
Student 249,HW6 High,HW7 High,Lector 9
Student 249,HW7 High,HW8 Medium,Lector 9
Student 249,HW8 Medium,HW9 Low,Lector 9
Student 249,HW9 Low,HW10 Low,Lector 9
Student 250,HW1 Low,HW2 Low,Lector 9
Student 250,HW2 Low,HW3 Medium,Lector 9
Student 250,HW3 Medium,HW4 High,Lector 9
Student 250,HW4 High,HW5 High,Lector 9
Student 250,HW5 High,HW6 Low,Lector 9
Student 250,HW6 Low,HW7 Low,Lector 9
Student 250,HW7 Low,HW8 Low,Lector 9
Student 250,HW8 Low,HW9 Low,Lector 9
Student 250,HW9 Low,HW10 High,Lector 9
Student 251,HW1 Low,HW2 Medium,Lector 9
Student 251,HW2 Medium,HW3 Low,Lector 9
Student 251,HW3 Low,HW4 High,Lector 9
Student 251,HW4 High,HW5 Medium,Lector 9
Student 251,HW5 Medium,HW6 High,Lector 9
Student 251,HW6 High,HW7 Medium,Lector 9
Student 251,HW7 Medium,HW8 High,Lector 9
Student 251,HW8 High,HW9 Low,Lector 9
Student 251,HW9 Low,HW10 Low,Lector 9
Student 252,HW1 High,HW2 Medium,Lector 9
Student 252,HW2 Medium,HW3 Low,Lector 9
Student 252,HW3 Low,HW4 Medium,Lector 9
Student 252,HW4 Medium,HW5 High,Lector 9
Student 252,HW5 High,HW6 Low,Lector 9
Student 252,HW6 Low,HW7 Low,Lector 9
Student 252,HW7 Low,HW8 High,Lector 9
Student 252,HW8 High,HW9 Medium,Lector 9
Student 252,HW9 Medium,HW10 High,Lector 9
Student 253,HW1 Medium,HW2 High,Lector 9
Student 253,HW2 High,HW3 High,Lector 9
Student 253,HW3 High,HW4 Medium,Lector 9
Student 253,HW4 Medium,HW5 High,Lector 9
Student 253,HW5 High,HW6 Low,Lector 9
Student 253,HW6 Low,HW7 High,Lector 9
Student 253,HW7 High,HW8 Medium,Lector 9
Student 253,HW8 Medium,HW9 Medium,Lector 9
Student 253,HW9 Medium,HW10 High,Lector 9
Student 254,HW1 High,HW2 Medium,Lector 9
Student 254,HW2 Medium,HW3 High,Lector 9
Student 254,HW3 High,HW4 Low,Lector 9
Student 254,HW4 Low,HW5 Low,Lector 9
Student 254,HW5 Low,HW6 Low,Lector 9
Student 254,HW6 Low,HW7 Medium,Lector 9
Student 254,HW7 Medium,HW8 Medium,Lector 9
Student 254,HW8 Medium,HW9 Medium,Lector 9
Student 254,HW9 Medium,HW10 High,Lector 9
Student 255,HW1 Low,HW2 Medium,Lector 9
Student 255,HW2 Medium,HW3 Medium,Lector 9
Student 255,HW3 Medium,HW4 Medium,Lector 9
Student 255,HW4 Medium,HW5 Low,Lector 9
Student 255,HW5 Low,HW6 High,Lector 9
Student 255,HW6 High,HW7 Medium,Lector 9
Student 255,HW7 Medium,HW8 High,Lector 9
Student 255,HW8 High,HW9 Low,Lector 9
Student 255,HW9 Low,HW10 High,Lector 9
Student 256,HW1 Low,HW2 Low,Lector 9
Student 256,HW2 Low,HW3 Low,Lector 9
Student 256,HW3 Low,HW4 Low,Lector 9
Student 256,HW4 Low,HW5 Medium,Lector 9
Student 256,HW5 Medium,HW6 Low,Lector 9
Student 256,HW6 Low,HW7 High,Lector 9
Student 256,HW7 High,HW8 Medium,Lector 9
Student 256,HW8 Medium,HW9 Low,Lector 9
Student 256,HW9 Low,HW10 High,Lector 9
Student 257,HW1 Medium,HW2 Medium,Lector 9
Student 257,HW2 Medium,HW3 Low,Lector 9
Student 257,HW3 Low,HW4 High,Lector 9
Student 257,HW4 High,HW5 High,Lector 9
Student 257,HW5 High,HW6 High,Lector 9
Student 257,HW6 High,HW7 Medium,Lector 9
Student 257,HW7 Medium,HW8 High,Lector 9
Student 257,HW8 High,HW9 High,Lector 9
Student 257,HW9 High,HW10 Low,Lector 9
Student 258,HW1 High,HW2 Low,Lector 9
Student 258,HW2 Low,HW3 Low,Lector 9
Student 258,HW3 Low,HW4 High,Lector 9
Student 258,HW4 High,HW5 High,Lector 9
Student 258,HW5 High,HW6 High,Lector 9
Student 258,HW6 High,HW7 High,Lector 9
Student 258,HW7 High,HW8 Low,Lector 9
Student 258,HW8 Low,HW9 Low,Lector 9
Student 258,HW9 Low,HW10 High,Lector 9
Student 259,HW1 Low,HW2 High,Lector 9
Student 259,HW2 High,HW3 High,Lector 9
Student 259,HW3 High,HW4 Medium,Lector 9
Student 259,HW4 Medium,HW5 Low,Lector 9
Student 259,HW5 Low,HW6 Low,Lector 9
Student 259,HW6 Low,HW7 Medium,Lector 9
Student 259,HW7 Medium,HW8 Low,Lector 9
Student 259,HW8 Low,HW9 Low,Lector 9
Student 259,HW9 Low,HW10 Medium,Lector 9
Student 260,HW1 Low,HW2 Low,Lector 9
Student 260,HW2 Low,HW3 Low,Lector 9
Student 260,HW3 Low,HW4 Low,Lector 9
Student 260,HW4 Low,HW5 Low,Lector 9
Student 260,HW5 Low,HW6 Medium,Lector 9
Student 260,HW6 Medium,HW7 High,Lector 9
Student 260,HW7 High,HW8 Medium,Lector 9
Student 260,HW8 Medium,HW9 High,Lector 9
Student 260,HW9 High,HW10 Medium,Lector 9
Student 261,HW1 High,HW2 Medium,Lector 9
Student 261,HW2 Medium,HW3 High,Lector 9
Student 261,HW3 High,HW4 Medium,Lector 9
Student 261,HW4 Medium,HW5 Low,Lector 9
Student 261,HW5 Low,HW6 Medium,Lector 9
Student 261,HW6 Medium,HW7 Medium,Lector 9
Student 261,HW7 Medium,HW8 Low,Lector 9
Student 261,HW8 Low,HW9 Low,Lector 9
Student 261,HW9 Low,HW10 Low,Lector 9
Student 262,HW1 High,HW2 Low,Lector 9
Student 262,HW2 Low,HW3 High,Lector 9
Student 262,HW3 High,HW4 Low,Lector 9
Student 262,HW4 Low,HW5 Medium,Lector 9
Student 262,HW5 Medium,HW6 High,Lector 9
Student 262,HW6 High,HW7 High,Lector 9
Student 262,HW7 High,HW8 Medium,Lector 9
Student 262,HW8 Medium,HW9 Medium,Lector 9
Student 262,HW9 Medium,HW10 Low,Lector 9
Student 263,HW1 Medium,HW2 Medium,Lector 9
Student 263,HW2 Medium,HW3 High,Lector 9
Student 263,HW3 High,HW4 Low,Lector 9
Student 263,HW4 Low,HW5 High,Lector 9
Student 263,HW5 High,HW6 High,Lector 9
Student 263,HW6 High,HW7 Medium,Lector 9
Student 263,HW7 Medium,HW8 Low,Lector 9
Student 263,HW8 Low,HW9 High,Lector 9
Student 263,HW9 High,HW10 High,Lector 9
Student 264,HW1 Low,HW2 High,Lector 9
Student 264,HW2 High,HW3 High,Lector 9
Student 264,HW3 High,HW4 Medium,Lector 9
Student 264,HW4 Medium,HW5 High,Lector 9
Student 264,HW5 High,HW6 High,Lector 9
Student 264,HW6 High,HW7 Low,Lector 9
Student 264,HW7 Low,HW8 Medium,Lector 9
Student 264,HW8 Medium,HW9 Low,Lector 9
Student 264,HW9 Low,HW10 Low,Lector 9
Student 265,HW1 Medium,HW2 Medium,Lector 9
Student 265,HW2 Medium,HW3 Medium,Lector 9
Student 265,HW3 Medium,HW4 Medium,Lector 9
Student 265,HW4 Medium,HW5 Medium,Lector 9
Student 265,HW5 Medium,HW6 Medium,Lector 9
Student 265,HW6 Medium,HW7 High,Lector 9
Student 265,HW7 High,HW8 High,Lector 9
Student 265,HW8 High,HW9 Low,Lector 9
Student 265,HW9 Low,HW10 Medium,Lector 9
Student 266,HW1 Medium,HW2 Low,Lector 9
Student 266,HW2 Low,HW3 Medium,Lector 9
Student 266,HW3 Medium,HW4 High,Lector 9
Student 266,HW4 High,HW5 Medium,Lector 9
Student 266,HW5 Medium,HW6 Medium,Lector 9
Student 266,HW6 Medium,HW7 Low,Lector 9
Student 266,HW7 Low,HW8 Medium,Lector 9
Student 266,HW8 Medium,HW9 Low,Lector 9
Student 266,HW9 Low,HW10 Low,Lector 9
Student 267,HW1 Low,HW2 Medium,Lector 9
Student 267,HW2 Medium,HW3 High,Lector 9
Student 267,HW3 High,HW4 Low,Lector 9
Student 267,HW4 Low,HW5 Medium,Lector 9
Student 267,HW5 Medium,HW6 Low,Lector 9
Student 267,HW6 Low,HW7 Medium,Lector 9
Student 267,HW7 Medium,HW8 High,Lector 9
Student 267,HW8 High,HW9 Low,Lector 9
Student 267,HW9 Low,HW10 Medium,Lector 9
Student 268,HW1 Low,HW2 Low,Lector 9
Student 268,HW2 Low,HW3 Medium,Lector 9
Student 268,HW3 Medium,HW4 Medium,Lector 9
Student 268,HW4 Medium,HW5 Medium,Lector 9
Student 268,HW5 Medium,HW6 Medium,Lector 9
Student 268,HW6 Medium,HW7 High,Lector 9
Student 268,HW7 High,HW8 Low,Lector 9
Student 268,HW8 Low,HW9 High,Lector 9
Student 268,HW9 High,HW10 High,Lector 9
Student 269,HW1 High,HW2 Medium,Lector 9
Student 269,HW2 Medium,HW3 High,Lector 9
Student 269,HW3 High,HW4 High,Lector 9
Student 269,HW4 High,HW5 Medium,Lector 9
Student 269,HW5 Medium,HW6 Low,Lector 9
Student 269,HW6 Low,HW7 Medium,Lector 9
Student 269,HW7 Medium,HW8 Low,Lector 9
Student 269,HW8 Low,HW9 Medium,Lector 9
Student 269,HW9 Medium,HW10 High,Lector 9
Student 270,HW1 Low,HW2 High,Lector 9
Student 270,HW2 High,HW3 Medium,Lector 9
Student 270,HW3 Medium,HW4 Medium,Lector 9
Student 270,HW4 Medium,HW5 Medium,Lector 9
Student 270,HW5 Medium,HW6 Medium,Lector 9
Student 270,HW6 Medium,HW7 High,Lector 9
Student 270,HW7 High,HW8 High,Lector 9
Student 270,HW8 High,HW9 High,Lector 9
Student 270,HW9 High,HW10 High,Lector 9